Name, Phone Number
潘信娣,13592363657
潘信君,13592365096
潘信瑶,13592369644
潘宣,13592374049
潘萱,13592397195
潘萱,13592402669
潘萱,13592408561
潘漩,13592439377
潘雅纯,13592441289
潘雅丹,13592457261
潘亚,13592461171
潘亚聪,13592477470
潘亚锦,13592521192
潘亚妤,13592524552
潘娅,13592528431
潘娅,13592533019
潘娅,13592533219
潘娅,13592534953
潘娅,13592537546
潘娅,13592543683
潘娅,13592555831
潘娅,13592566150
潘娅蓓,13592567009
潘娅岚,13592585719
潘娅琴,13592587389
潘娅青,13592596247
潘娅妍,13592607861
潘娅玉,13592621398
潘娅悦,13592624310
潘嫣,13592631071
潘嫣瑾,13592642514
潘嫣菁,13592647647
潘嫣宁,13592661267
潘嫣思,13592676699
潘嫣影,13592701568
潘嫣羽,13592704207
潘嫣育,13592705406
潘妍,13592709547
潘妍,13592713670
潘妍,13592719926
潘妍,13592728480
潘妍,13592734993
潘妍莎,13592737552
潘妍馨,13592746851
潘妍萱,13592766373
潘妍漩,13592767528
潘妍妍,13592771791
潘妍依,13592786809
潘妍仪,13592792437
潘琰,13592804007
潘琰,13592807315
潘琰,13592811065
潘琰,13592835684
潘琰,13592841947
潘琰,13592846846
潘琰,13592852637
潘琰薇,13592855133
潘琰怡,13592859626
潘艳,13592883616
潘艳思,13592888109
潘雁,13592892685
潘雁,13592905880
潘雁,13592915524
潘雁,13592921072
潘雁莺,13592921722
潘雁育,13592946470
潘雁云,13592947005
潘洋,13592949742
潘洋妍,13592955166
潘瑶,13592959396
潘瑶,13592964771
潘瑶,13592973754
潘瑶,13592976939
潘瑶,13592997880
潘瑶,13593001010
潘瑶,13593002707
潘瑶,13593005452
潘瑶,13593009484
潘瑶,13593009617
潘瑶婕,13593011402
潘瑶璐,13593013078
潘叶,13593021374
潘叶荷,13593033402
潘一,13593049141
潘一,13593056664
潘一,13593057021
潘伊,13593057447
潘伊伊,13593074780
潘依,13593074817
潘依,13593089910
潘依铭,13593091249
潘依融,13593095489
潘依妍,13593107146
潘依苑,13593115561
潘仪,13593133967
潘仪,13593147876
潘仪淳,13593148569
潘仪馨,13593149495
潘仪瑶,13593158582
潘仪芝,13593168390
潘沂眉,13593177064
潘沂宁,13593181579
潘沂莎,13593186334
潘沂苑,13593215958
潘怡,13593217861
潘怡,13593221137
潘怡,13593227328
潘怡,13593228310
潘怡,13593248795
潘怡,13593253943
潘怡纯,13593258390
潘怡纨,13593265089
潘怡依,13593265324
潘宜,13593272098
潘宜,13593277199
潘宜黛,13593291950
潘宜菁,13593293505
潘宜飘,13593298023
潘艺,13593299711
潘艺丹,13593316995
潘艺悦,13593337124
潘奕,13593341421
潘奕娅,13593343260
潘奕莺,13593353087
潘奕芝,13593359939
潘莺,13593366188
潘莹,13593369399
潘莹倩,13593371878
潘莹夕,13593373490
潘颖,13593381849
潘颖,13593391852
潘颖露,13593394157
潘颖瑗,13593413955
潘影,13593416998
潘影,13593417129
潘影,13593418217
潘影,13593419153
潘影,13593419155
潘影,13593429531
潘影咏,13593446686
潘咏,13593457842
潘咏洁,13593463873
潘咏琪,13593468622
潘咏琬,13593472544
潘妤,13593486542
潘宇娴,13593489328
潘羽,13593492750
潘羽,13593493040
潘羽,13593497817
潘羽,13593505483
潘羽,13593512391
潘羽,13593515917
潘羽,13593516428
潘羽健,13593517453
潘羽婕,13593522477
潘羽源,13593523866
潘雨,13593534015
潘雨琪,13593534450
潘玉,13593537599
潘玉冰,13593547760
潘玉琪,13593548356
潘育,13593549469
潘育冰,13593552389
潘育茹,13593555719
潘育希,13593564618
潘育艺,13593576749
潘育源,13593579387
潘毓,13593579438
潘毓,13593596172
潘毓,13593602642
潘毓,13593607805
潘毓芳,13593617733
潘毓乐,13593623555
潘毓莲,13593629622
潘毓宁,13593636356
潘毓瑶,13593644071
潘渊,13593657994
潘渊,13593668885
潘渊,13593668923
潘园,13593675295
潘园,13593675424
潘园,13593698751
潘园,13593713385
潘园凡,13593717113
潘园薇,13593721187
潘园文,13593721876
潘园娅,13593728582
潘媛,13593732886
潘媛,13593733564
潘媛淇,13593733953
潘媛琦,13593737217
潘媛倩,13593748022
潘媛娴,13593763752
潘源,13593766869
潘源叶,13593774459
潘苑,13593774626
潘苑,13593775434
潘苑,13593779885
潘苑,13593783966
潘苑凡,13593787730
潘苑乐,13593787776
潘苑菱,13593787939
潘苑眉,13593789219
潘苑琰,13593791443
潘苑影,13593799015
潘瑗倩,13593806486
潘瑗一,13593815971
潘瑗媛,13593815998
潘月,13593817846
潘月,13593833027
潘月,13593839041
潘月婵,13593847554
潘月浩,13593852564
潘悦,13593859518
潘悦,13593859767
潘悦,13593861150
潘悦,13593861754
潘悦钧,13593871357
潘悦丽,13593872373
潘悦蕊,13593875691
潘悦娅,13593881766
潘悦莺,13593887381
潘悦毓,13593894709
潘悦源,13593897582
潘悦贞,13593905033
潘云,13593907548
潘云荷,13593915345
潘云云,13593929675
潘云韵,13593929879
潘云珍,13593933571
潘允,13593943558
潘允婕,13593947286
潘韵,13593947956
潘韵,13593958009
潘韵,13593962959
潘韵,13593963533
潘韵,13593966655
潘韵,13593968580
潘钊,13593975948
潘钊宁,13593999477
潘昭,13594015854
潘昭,13594017869
潘昭,13594035843
潘昭,13594041540
潘昭茗,13594041887
潘昭苑,13594044811
潘贞,13594056365
潘贞,13594064370
潘贞锦,13594066934
潘贞雁,13594067202
潘珍,13594073238
潘珍,13594074415
潘珍,13594075601
潘珍芳,13594078740
潘珍莉,13594079758
潘珍苑,13594086107
潘真怡,13594091478
潘镇,13594096302
潘芝君,13594119421
潘芝倩,13594122773
潘芝元,13594145214
潘芝昭,13594145549
潘子,13594146885
潘子,13594161183
潘子,13594169274
潘子思,13594194696
潘子馨,13594212292
彭皑,13594218315
彭皑,13594227717
彭柏,13594229163
彭柏,13594247279
彭蓓,13594258369
彭蓓露,13594259294
彭蓓美,13594262959
彭璧,13594264162
彭璧洁,13594269726
彭冰纯,13594285065
彭冰浩,13594313023
彭冰锦,13594314985
彭冰妍,13594316492
彭婵,13594316685
彭婵,13594328929
彭婵,13594333596
彭婵,13594341059
彭婵聪,13594345521
彭婵希,13594363131
彭纯,13594364933
彭纯,13594374525
彭纯君,13594379722
彭纯乐,13594403871
彭纯青,13594421752
彭纯娴,13594436718
彭纯瑶,13594439383
彭纯园,13594454248
彭淳,13594455856
彭淳茗,13594457050
彭聪,13594466126
彭聪,13594472327
彭黛,13594486835
彭黛,13594498768
彭黛,13594502835
彭黛铭,13594503852
彭黛青,13594507123
彭黛荣,13594512704
彭黛艳,13594513917
彭黛影,13594518669
彭丹,13594535306
彭丹,13594536203
彭丹,13594551436
彭丹,13594557078
彭丹,13594558196
彭丹毓,13594559546
彭娣,13594567644
彭娣,13594575146
彭娣,13594577691
彭铎梦,13594586360
彭铎倩,13594593084
彭凡,13594604587
彭凡飘,13594622973
彭凡莎,13594635683
彭芳,13594644421
彭芳,13594672619
彭芳,13594674367
彭芳,13594702367
彭芳,13594703515
彭桂,13594719500
彭函,13594742484
彭函函,13594758831
彭函婷,13594762856
彭函艳,13594778960
彭涵婵,13594782509
彭涵纯,13594804336
彭涵凡,13594838179
彭涵娅,13594846275
彭涵羽,13594862230
彭涵苑,13594862403
彭浩,13594872868
彭浩琬,13594896904
彭和,13594898795
彭和韵,13594919814
彭和珍,13594922077
彭荷,13594925344
彭荷,13594929757
彭荷菱,13594935968
彭荷琪,13594939936
彭荷怡,13594964508
彭泓,13594967723
彭泓,13594969688
彭泓,13594974375
彭泓琴,13594981884
彭环,13594984003
彭环,13594985850
彭环,13594988288
彭环,13594991422
彭环,13594991651
彭环,13594995236
彭吉,13595005417
彭吉,13595027173
彭健,13595027916
彭姣,13595041692
彭姣飘,13595045848
彭洁,13595052583
彭洁,13595062562
彭洁,13595065338
彭洁,13595076300
彭洁,13595083544
彭洁,13595092144
彭洁,13595094360
彭婕,13595095193
彭婕,13595096015
彭婕,13595106737
彭婕,13595108994
彭婕美,13595111246
彭婕茜,13595114549
彭婕融,13595121803
彭婕漩,13595128619
彭锦,13595133058
彭锦莉,13595141399
彭锦梦,13595141464
彭锦梦,13595144888
彭锦瑶,13595146817
彭瑾,13595148973
彭瑾梦,13595152160
彭瑾琴,13595164595
彭瑾夕,13595168811
彭瑾莹,13595169107
彭瑾悦,13595172243
彭瑾云,13595178400
彭菁,13595184742
彭菁,13595193616
彭菁,13595195405
彭菁,13595208364
彭菁,13595218683
彭菁,13595222612
彭菁璐,13595223281
彭菁娴,13595225934
彭晶,13595236421
彭君,13595238008
彭君,13595243561
彭君,13595243636
彭君纯,13595258191
彭君锦,13595266974
彭君艺,13595278726
彭钧,13595297857
彭钧,13595304406
彭钧,13595309376
彭钧乐,13595325925
彭凯钧,13595326118
彭凯秋,13595328826
彭凯芝,13595328864
彭可,13595334248
彭可,13595335215
彭可,13595335888
彭可,13595337335
彭可,13595354581
彭可,13595363241
彭可婵,13595372831
彭可雁,13595386443
彭克,13595413627
彭克,13595421396
彭克纯,13595423455
彭克茜,13595431480
彭克薇,13595456137
彭克馨,13595458625
彭克颖,13595462042
彭岚,13595473048
彭岚,13595474977
彭岚,13595475348
彭岚,13595477611
彭岚,13595483364
彭岚,13595492119
彭岚,13595492451
彭岚,13595518894
彭岚,13595527124
彭岚,13595539723
彭岚丽,13595543102
彭岚茹,13595544566
彭岚娅,13595562914
彭岚艳,13595569478
彭岚真,13595578527
彭澜,13595595316
彭澜,13595611542
彭澜,13595615632
彭澜蓓,13595622830
彭澜月,13595623743
彭乐,13595626743
彭乐,13595633223
彭丽,13595634119
彭莉,13595635844
彭莉,13595645583
彭莉,13595655690
彭莉,13595664595
彭莉涵,13595676180
彭莉融,13595712294
彭莉宣,13595718463
彭莉萱,13595725199
彭莉仪,13595734434
彭莉怡,13595735663
彭莉育,13595742000
彭灵,13595745078
彭灵,13595746390
彭灵,13595748550
彭灵,13595753262
彭灵,13595758138
彭灵,13595758287
彭菱,13595763063
彭菱悦,13595764608
彭璐,13595768777
彭璐,13595773005
彭璐锦,13595776309
彭璐薇,13595788357
彭璐园,13595796815
彭璐悦,13595812914
彭露,13595818683
彭露,13595823843
彭露,13595832327
彭露,13595833195
彭露,13595861050
彭露,13595866556
彭露,13595869079
彭露锦,13595873752
彭眉,13595877027
彭眉,13595887452
彭眉,13595889730
彭眉婵,13595897162
彭眉晴,13595897293
彭眉瑶,13595911126
彭眉瑶,13595913892
彭眉苑,13595916399
彭美,13595917051
彭美,13595929898
彭美,13595932660
彭美媛,13595935218
彭梦,13595943144
彭梦,13595956733
彭梦,13595964401
彭梦,13595967120
彭梦,13595972628
彭梦,13595977927
彭梦柏,13595983774
彭梦丽,13595985826
彭梦茗,13595986649
彭梦淇,13595988672
彭梦茜,13595989165
彭梦爽,13595993838
彭梦彤,13595994253
彭梦馨,13595998630
彭梦元,13595998841
彭茗,13596009201
彭茗,13596011074
彭茗,13596024430
彭茗,13596027002
彭茗莉,13596032808
彭茗宁,13596036433
彭茗倩,13596037636
彭茗韵,13596041175
彭茗珍,13596046797
彭铭,13596059272
彭铭,13596064566
彭铭宇,13596071975
彭沫,13596073647
彭沫,13596076308
彭沫茜,13596085388
彭娜,13596095162
彭娜爽,13596096468
彭娜娴,13596097565
彭宁,13596108219
彭宁莉,13596118887
彭宁璐,13596131892
彭宁青,13596138010
彭宁伊,13596139425
彭宁云,13596145281
彭佩,13596167541
彭佩,13596185663
彭佩君,13596197179
彭佩勤,13596209728
彭飘,13596213993
彭飘,13596222635
彭飘,13596222905
彭飘,13596225221
彭飘吉,13596238743
彭飘娅,13596253207
彭萍,13596256399
彭萍锦,13596259421
彭淇,13596272760
彭淇,13596273532
彭淇,13596273817
彭淇,13596281754
彭淇瑾,13596285575
彭淇倩,13596294424
彭淇娴,13596296363
彭淇瑶,13596302443
彭淇依,13596304843
彭琪纨,13596308674
彭琪先,13596311936
彭琦,13596319583
彭琦菱,13596322295
彭琦颖,13596338584
彭茜,13596338911
彭茜,13596343733
彭茜,13596348463
彭茜,13596351971
彭茜,13596356792
彭茜,13596357698
彭茜,13596358674
彭茜蕊,13596365351
彭茜娴,13596372300
彭倩,13596379301
彭倩,13596379550
彭倩,13596381535
彭倩,13596415792
彭倩,13596416707
彭倩桂,13596417445
彭倩青,13596422192
彭倩融,13596425216
彭倩希,13596429592
彭倩希,13596429648
彭倩雨,13596432397
彭倩瑗,13596434340
彭倩悦,13596446572
彭倩韵,13596461501
彭琴,13596464259
彭琴姣,13596473349
彭琴沫,13596476208
彭琴淇,13596484578
彭琴娴,13596485557
彭琴萱,13596487388
彭琴怡,13596531855
彭勤,13596536272
彭青,13596539485
彭青,13596546808
彭青,13596555442
彭青,13596557491
彭青,13596557750
彭青蓓,13596565067
彭青蓓,13596565628
彭青允,13596577713
彭青珍,13596582342
彭卿,13596616620
彭卿,13596621922
彭卿纯,13596626162
彭卿可,13596631408
彭清,13596639056
彭清,13596639628
彭清眉,13596639681
彭清蕊,13596642196
彭清玉,13596643924
彭晴,13596645573
彭晴,13596656358
彭晴,13596662349
彭晴丹,13596665099
彭晴瑶,13596668451
彭琼,13596688657
彭琼,13596688987
彭琼,13596701779
彭琼蕊,13596702606
彭琼雅,13596703325
彭琼园,13596705074
彭秋,13596711143
彭秋,13596714284
彭秋,13596725272
彭秋飘,13596729510
彭秋蓉,13596732351
彭秋娴,13596735929
彭全,13596741491
彭全,13596759411
彭全,13596767287
彭荣晴,13596777915
彭蓉,13596778115
彭蓉,13596779966
彭蓉,13596784737
彭蓉,13596793128
彭蓉,13596796944
彭蓉瑾,13596798336
彭蓉青,13596811908
彭蓉晴,13596813772
彭融,13596826079
彭融,13596844965
彭融,13596847065
彭融,13596849604
彭融,13596855195
彭融乐,13596864347
彭融梦,13596875155
彭融艺,13596876796
彭融影,13596881962
彭融羽,13596887183
彭茹悦,13596899089
彭蕊,13596912848
彭蕊纯,13596916621
彭蕊铎,13596918787
彭蕊飘,13596927494
彭蕊娴,13596928327
彭莎,13596932112
彭莎涵,13596932760
彭莎青,13596934005
彭珊,13596942181
彭珊,13596955390
彭珊妍,13596968116
彭爽,13596975109
彭爽姣,13596979911
彭爽苑,13597007456
彭思,13597014798
彭思,13597024011
彭思,13597025705
彭思,13597027152
彭思,13597028916
彭思菁,13597038417
彭思希,13597059716
彭思怡,13597061629
彭婷,13597067319
彭婷,13597076930
彭婷,13597085481
彭婷,13597088260
彭婷元,13597099758
彭婷媛,13597101623
彭彤,13597104337
彭彤,13597107001
彭彤,13597118611
彭彤纯,13597118666
彭彤环,13597132639
彭彤瑾,13597133314
彭彤秋,13597144691
彭彤园,13597145618
彭纨黛,13597152546
彭纨露,13597154937
彭纨毓,13597162241
彭婉,13597166196
彭婉,13597173154
彭婉纯,13597173313
彭婉娣,13597175191
彭婉莎,13597182658
彭婉爽,13597183462
彭婉莺,13597185757
彭琬,13597194178
彭琬,13597196833
彭琬,13597241508
彭琬,13597257339
彭琬,13597259181
彭琬,13597267482
彭琬昭,13597273877
彭薇,13597278852
彭薇,13597285502
彭薇可,13597294268
彭薇岚,13597307115
彭薇乐,13597315859
彭薇莹,13597329518
彭薇毓,13597341904
彭薇昭,13597346136
彭文,13597348835
彭夕,13597361407
彭夕,13597362923
彭夕,13597371872
彭夕,13597382392
彭夕琼,13597384779
彭希,13597389237
彭希,13597395837
彭希,13597437156
彭希,13597437443
彭希,13597438933
彭希婵,13597439531
彭希娣,13597449627
彭希铎,13597452854
彭希渊,13597469437
彭希渊,13597471483
彭希真,13597502049
彭先,13597518327
彭先梦,13597519379
彭先茜,13597535056
彭先羽,13597542570
彭娴,13597545557
彭娴,13597551712
彭娴,13597555944
彭娴,13597557341
彭娴,13597565090
彭娴,13597584766
彭娴,13597589588
彭娴,13597607270
彭娴聪,13597608207
彭娴君,13597613698
彭娴琬,13597623053
彭娴瑶,13597639524
彭欣,13597646040
彭欣,13597656732
彭欣,13597661000
彭欣,13597664849
彭欣,13597672544
彭欣,13597673443
彭欣宁,13597677270
彭欣园,13597684022
彭馨,13597687992
彭馨,13597688759
彭馨,13597691674
彭馨,13597699383
彭馨眉,13597714804
彭馨纨,13597716561
彭馨瑶,13597719179
彭馨瑗,13597719663
彭信,13597723336
彭信,13597726502
彭信莺,13597728859
彭信月,13597741441
彭宣怡,13597745471
彭宣咏,13597767789
彭萱,13597772516
彭漩,13597782589
彭漩,13597783140
彭漩,13597788667
彭漩,13597799714
彭漩璐,13597802026
彭漩漩,13597815786
彭漩悦,13597827814
彭漩韵,13597834462
彭雅,13597851580
彭雅月,13597859741
彭亚,13597866737
彭亚蓓,13597871774
彭娅,13597873739
彭娅,13597892593
彭娅,13597893169
彭娅,13597894963
彭娅荷,13597922686
彭娅莲,13597935626
彭娅馨,13597941634
彭娅月,13597945713
彭嫣,13597968183
彭嫣,13597972383
彭嫣,13597976325
彭嫣锦,13597976377
彭嫣依,13597977290
彭嫣怡,13597981825
彭嫣咏,13597991225
彭妍,13598007272
彭妍,13598009464
彭妍,13598022121
彭妍,13598023557
彭妍,13598032041
彭妍琴,13598047172
彭妍琬,13598048409
彭妍希,13598051718
彭妍希,13598057359
彭妍嫣,13598064681
彭妍羽,13598072262
彭妍渊,13598075646
彭琰,13598079504
彭琰,13598083813
彭琰,13598089784
彭琰茜,13598111286
彭艳,13598113024
彭艳,13598119491
彭艳瑶,13598123355
彭雁,13598129762
彭雁,13598133536
彭雁,13598154875
彭雁,13598176999
彭雁,13598177765
彭雁,13598178882
彭雁,13598188867
彭雁,13598191906
彭雁蓓,13598211327
彭雁佩,13598215678
彭雁佩,13598223525
彭雁彤,13598227574
彭雁夕,13598233097
彭雁琰,13598233818
彭雁宇,13598234574
彭瑶,13598246434
彭瑶,13598247342
彭瑶,13598251349
彭瑶,13598268397
彭瑶,13598273598
彭瑶,13598289967
彭瑶,13598294314
彭瑶,13598301879
彭瑶,13598302702
彭瑶,13598304655
彭瑶柏,13598312268
彭瑶铎,13598319604
彭瑶锦,13598323367
彭瑶瑾,13598324986
彭瑶沫,13598332676
彭瑶思,13598338439
彭瑶琬,13598344104
彭瑶夕,13598351067
彭瑶雁,13598352214
彭叶健,13598353868
彭叶澜,13598355136
彭叶丽,13598357277
彭一,13598358459
彭一,13598361980
彭一璧,13598383787
彭一仪,13598383850
彭伊,13598413984
彭伊,13598419163
彭伊薇,13598421215
彭伊雅,13598432189
彭伊瑶,13598439757
彭依,13598457267
彭依,13598464989
彭依,13598466084
彭依雅,13598468757
彭仪,13598474626
彭仪,13598504562
彭仪晶,13598507320
彭仪晴,13598509393
彭仪婉,13598509397
彭仪文,13598509488
彭沂,13598513229
彭怡,13598514031
彭怡,13598515581
彭怡,13598518003
彭怡皑,13598518638
彭怡可,13598523115
彭怡露,13598535293
彭怡希,13598543900
彭怡悦,13598565996
彭宜,13598578541
彭宜,13598582072
彭宜,13598586896
彭宜,13598595133
彭宜,13598616219
彭宜,13598618956
彭宜彤,13598625355
彭艺,13598633069
彭艺,13598638741
彭艺,13598641379
彭莺,13598662692
彭莺黛,13598664065
彭莺勤,13598687646
彭莺爽,13598691870
彭莹,13598699580
彭颖,13598703821
彭颖娣,13598712750
彭颖菁,13598719506
彭颖秋,13598739238
彭影,13598743643
彭影,13598763319
彭影菁,13598766509
彭咏,13598771498
彭咏,13598773386
彭咏,13598773788
彭咏,13598792887
彭咏,13598794380
彭咏锦,13598799052
彭咏希,13598803118
彭妤,13598803940
彭妤,13598823021
彭妤彤,13598827280
彭宇,13598831817
彭宇纯,13598834749
彭宇铭,13598836516
彭羽,13598838301
彭羽,13598848527
彭羽,13598851012
彭羽,13598856621
彭羽毓,13598858053
彭雨,13598858570
彭雨,13598861318
彭雨眉,13598868565
彭玉,13598874145
彭玉,13598884455
彭玉,13598909046
彭玉函,13598911347
彭玉洁,13598929718
彭玉岚,13598943006
彭玉渊,13598943449
彭育,13598947380
彭育,13598956666
彭育梦,13598961589
彭育梦,13598975377
彭育铭,13598995526
彭育欣,13599001908
彭毓,13599008188
彭毓,13599011998
彭毓,13599016001
彭毓,13599024013
彭毓,13599031126
彭毓菱,13599051146
彭毓美,13599055937
彭毓梦,13599055968
彭毓爽,13599057020
彭毓宣,13599059103
彭渊,13599061410
彭渊,13599067574
彭渊,13599076822
彭渊,13599077583
彭渊,13599109143
彭渊丽,13599112776
彭渊羽,13599116543
彭元,13599117026
彭元,13599124110
彭元,13599144575
彭元,13599175136
彭元,13599175155
彭元,13599179151
彭元美,13599183186
彭元蓉,13599185591
彭园,13599191420
彭园文,13599195132
彭园莹,13599203198
彭园育,13599213473
彭媛,13599214461
彭媛,13599217835
彭媛,13599239031
彭媛,13599242072
彭媛,13599254604
彭媛涵,13599272049
彭媛琦,13599288163
彭媛倩,13599291480
彭源,13599297610
彭源,13599298877
彭源漩,13599301550
彭苑,13599305091
彭苑,13599309308
彭苑,13599314995
彭苑,13599339980
彭苑,13599343209
彭苑,13599347683
彭苑岚,13599351551
彭苑思,13599361498
彭苑婉,13599365336
彭苑云,13599367406
彭瑗,13599367772
彭瑗,13599369065
彭瑗锦,13599396418
彭瑗眉,13599415338
彭瑗勤,13599434544
彭瑗韵,13599442238
彭月,13599443119
彭月灵,13599446107
彭悦,13599451481
彭悦,13599454200
彭悦,13599463642
彭悦,13599464872
彭悦,13599465320
彭悦,13599469469
彭悦,13599476332
彭悦,13599485637
彭悦瑶,13599493284
彭悦一,13599494095
彭悦珍,13599506200
彭云,13599513582
彭云莉,13599526505
彭云蕊,13599526542
彭云彤,13599528327
彭云瑶,13599533021
彭云怡,13599534656
彭允,13599536724
彭允丹,13599539142
彭允奕,13599544994
彭韵,13599552238
彭韵,13599565569
彭韵,13599568388
彭钊,13599598468
彭钊,13599624925
彭钊钧,13599625724
彭钊先,13599626095
彭昭,13599627851
彭贞丽,13599628312
彭贞奕,13599635770
彭贞影,13599636134
彭珍,13599656420
彭珍,13599662477
彭珍,13599663244
彭珍,13599677806
彭珍依,13599679225
彭真,13599683158
彭真茗,13599684294
彭真淇,13599693390
彭镇纯,13599698910
彭芝,13599703741
彭芝函,13599705556
彭芝娜,13599709069
彭子,13599713479
皮皑,13599714132
皮皑,13599721190
皮皑全,13599735775
皮皑毓,13599738923
皮柏,13599751129
皮蓓,13599754201
皮蓓,13599759059
皮蓓健,13599762082
皮蓓纨,13599763328
皮璧,13599779738
皮璧茗,13599783298
皮璧希,13599803630
皮冰环,13599806484
皮婵,13599813096
皮婵,13599837465
皮婵,13599844499
皮婵,13599846094
皮婵,13599846922
皮婵婷,13599849946
皮晨薇,13599858461
皮纯,13599859925
皮纯,13599864021
皮纯,13599865342
皮纯,13599878530
皮纯倩,13599882993
皮纯爽,13599886478
皮纯媛,13599889611
皮纯月,13599897637
皮淳宁,13599904136
皮聪,13599905161
皮聪,13599909808
皮聪,13599927695
皮聪,13599929155
皮聪纯,13599932170
皮聪凡,13599935660
皮聪媛,13599948050
皮黛,13599958045
皮黛,13599964628
皮黛,13599967277
皮黛,13599985167
皮黛,13599985517
皮黛聪,13599992746
皮黛凡,13610001359
皮黛茗,13610003740
皮黛娜,13610013937
皮黛瑶,13610034209
皮丹,13610042713
皮丹,13610044965
皮丹,13610054639
皮丹,13610064240
皮娣,13610072148
皮铎,13610074501
皮铎,13610091856
皮铎,13610093283
皮铎妤,13610135502
皮凡,13610148538
皮凡丹,13610148816
皮凡娜,13610152438
皮凡婉,13610155455
皮凡瑶,13610166914
皮凡艺,13610172533
皮桂爽,13610177332
皮桂怡,13610191459
皮桂真,13610194921
皮函茜,13610201045
皮涵,13610205171
皮涵,13610209742
皮涵锦,13610216669
皮浩青,13610221934
皮浩嫣,13610225342
皮和琦,13610233883
皮荷,13610245772
皮荷宁,13610248936
皮荷苑,13610255658
皮环,13610263117
皮环函,13610272009
皮吉婷,13610282267
皮吉纨,13610283663
皮吉亚,13610293581
皮健,13610302719
皮健,13610307120
皮健苑,13610314700
皮姣,13610317903
皮洁,13610322749
皮洁纯,13610325063
皮洁希,13610328188
皮婕,13610338245
皮婕,13610351490
皮婕,13610363884
皮婕岚,13610366350
皮婕文,13610366638
皮婕怡,13610369564
皮婕珍,13610371720
皮锦,13610403558
皮锦,13610409297
皮锦,13610425761
皮锦,13610433432
皮锦,13610445327
皮锦莲,13610458342
皮瑾,13610465532
皮瑾,13610466000
皮瑾,13610475650
皮瑾纯,13610479010
皮瑾娣,13610483030
皮瑾飘,13610487206
皮瑾薇,13610494645
皮菁,13610496083
皮菁,13610524901
皮菁,13610542319
皮菁,13610544406
皮菁晨,13610544452
皮菁岚,13610548738
皮菁怡,13610549750
皮菁雨,13610563157
皮菁瑗,13610563516
皮晶,13610569861
皮晶,13610584008
皮晶叶,13610584195
皮娟,13610587910
皮娟艳,13610588697
皮娟芝,13610593810
皮君,13610595730
皮君,13610595969
皮君琴,13610599856
皮君婉,13610607836
皮君妍,13610622262
皮君毓,13610623882
皮君真,13610625099
皮钧,13610625703
皮钧,13610631629
皮钧夕,13610637736
皮凯,13610641841
皮凯,13610642642
皮可,13610643137
皮可,13610643954
皮可泓,13610649629
皮克,13610656435
皮克,13610656523
皮克园,13610656740
皮岚,13610658746
皮岚,13610677569
皮岚,13610679136
皮岚,13610679849
皮岚黛,13610692221
皮岚茗,13610694081
皮岚淇,13610703163
皮岚琴,13610719272
皮岚全,13610719679
皮岚婉,13610722580
皮岚欣,13610728627
皮岚沂,13610731308
皮岚影,13610739427
皮澜,13610745619
皮澜,13610756047
皮澜,13610763146
皮澜,13610763619
皮澜思,13610764147
皮澜媛,13610764190
皮乐,13610772533
皮乐,13610781121
皮乐,13610789475
皮乐,13610791390
皮乐,13610798117
皮乐,13610801316
皮乐,13610801566
皮乐皑,13610809542
皮乐莎,13610809670
皮丽,13610811624
皮丽,13610827019
皮丽,13610828077
皮丽澜,13610836075
皮丽琴,13610846716
皮丽苑,13610858889
皮莉,13610885238
皮莉,13610888535
皮莉瑾,13610909893
皮莉毓,13610913421
皮莲,13610915249
皮灵,13610919571
皮灵,13610923387
皮灵,13610944690
皮灵,13610946160
皮灵,13610949598
皮灵婵,13610954533
皮灵锦,13610958073
皮菱,13610961466
皮菱,13610964866
皮璐,13610969262
皮璐和,13610982951
皮璐娅,13610984812
皮璐洋,13610991625
皮露,13610993339
皮露,13610996058
皮露,13611001367
皮露,13611021172
皮露莉,13611026900
皮露茗,13611033545
皮露薇,13611041491
皮露欣,13611044839
皮露依,13611062119
皮露镇,13611064460
皮眉,13611074208
皮眉,13611083665
皮眉娴,13611084730
皮眉嫣,13611085056
皮美婵,13611085676
皮美铭,13611085779
皮美娴,13611095283
皮美萱,13611097747
皮美萱,13611102084
皮梦,13611103351
皮梦,13611122056
皮梦,13611124937
皮梦,13611134768
皮梦,13611135498
皮梦,13611143891
皮梦可,13611149897
皮梦倩,13611151861
皮梦先,13611159129
皮梦欣,13611163604
皮梦瑶,13611164264
皮茗,13611172339
皮茗,13611185841
皮茗,13611193935
皮茗,13611194168
皮茗婕,13611198348
皮茗梦,13611199952
皮茗全,13611215143
皮茗漩,13611215489
皮茗嫣,13611239605
皮茗依,13611242092
皮茗颖,13611242635
皮铭,13611243947
皮沫,13611245450
皮沫,13611251224
皮沫,13611269963
皮沫,13611272903
皮沫倩,13611282357
皮沫晴,13611282908
皮沫妍,13611283731
皮沫洋,13611291194
皮沫怡,13611299882
皮娜,13611301988
皮娜,13611321405
皮娜勤,13611328624
皮娜漩,13611335079
皮宁,13611346448
皮宁,13611351664
皮宁,13611361155
皮宁,13611368662
皮宁,13611373341
皮宁,13611385378
皮宁璧,13611386536
皮宁健,13611392860
皮宁倩,13611396839
皮宁薇,13611399676
皮宁欣,13611401294
皮佩,13611407673
皮佩,13611408686
皮佩,13611412083
皮佩佩,13611421274
皮佩馨,13611426985
皮佩仪,13611432194
皮佩毓,13611443947
皮佩昭,13611447724
皮飘,13611463648
皮萍,13611464352
皮萍,13611483101
皮萍泓,13611489023
皮淇,13611501525
皮淇,13611505870
皮淇,13611513344
皮淇,13611513497
皮淇莉,13611514524
皮琪,13611522958
皮琪苑,13611535339
皮琦,13611536268
皮琦,13611544834
皮琦,13611546287
皮琦,13611551708
皮琦铎,13611552611
皮琦澜,13611554934
皮琦娜,13611555240
皮琦萍,13611557191
皮琦琬,13611563699
皮琦馨,13611579959
皮琦萱,13611586299
皮茜,13611586918
皮茜,13611589149
皮茜,13611594395
皮茜,13611594922
皮茜,13611609941
皮茜,13611624322
皮茜,13611631701
皮茜婵,13611641711
皮茜荷,13611654926
皮茜灵,13611658239
皮茜茗,13611666896
皮茜倩,13611668804
皮茜琬,13611671125
皮茜文,13611672310
皮茜妍,13611683808
皮茜媛,13611686983
皮倩,13611696230
皮倩,13611709214
皮倩,13611732008
皮倩,13611737972
皮倩,13611754773
皮倩,13611767516
皮倩,13611774047
皮倩,13611776067
皮倩,13611776487
皮倩桂,13611791777
皮倩娅,13611808870
皮倩瑶,13611814312
皮倩月,13611821115
皮琴,13611824323
皮琴,13611834933
皮琴,13611839407
皮琴,13611844145
皮琴,13611857450
皮琴,13611881735
皮琴,13611881906
皮琴,13611882810
皮琴,13611883023
皮琴莎,13611883694
皮琴纨,13611883774
皮琴纨,13611887449
皮琴娅,13611888291
皮琴育,13611892788
皮勤琴,13611897033
皮青,13611905888
皮青,13611909327
皮青羽,13611927179
皮卿,13611958673
皮卿,13611964692
皮卿钧,13611974241
皮卿思,13611978802
皮清,13611983331
皮清,13611984558
皮清珍,13611991857
皮晴,13612006883
皮晴昭,13612017936
皮琼全,13612018576
皮秋,13612019048
皮秋,13612026409
皮秋,13612029369
皮秋,13612035588
皮秋琪,13612037254
皮秋茹,13612044285
皮秋薇,13612045914
皮全叶,13612048478
皮荣,13612052120
皮荣叶,13612068030
皮蓉,13612079655
皮蓉先,13612089523
皮蓉妍,13612105779
皮蓉莺,13612115001
皮融,13612122382
皮融,13612122963
皮融妍,13612134476
皮茹婵,13612141433
皮茹涵,13612143334
皮茹乐,13612147804
皮茹梦,13612153866
皮茹婷,13612154507
皮蕊,13612159363
皮蕊,13612166645
皮蕊,13612169444
皮蕊,13612175590
皮蕊,13612196520
皮蕊,13612203451
皮蕊佩,13612216492
皮蕊希,13612223073
皮莎,13612223166
皮莎,13612231738
皮莎,13612233956
皮莎,13612236573
皮莎,13612244540
皮莎蕊,13612245948
皮莎媛,13612259160
皮珊,13612259310
皮珊,13612285807
皮珊蓓,13612328131
皮爽,13612351025
皮爽,13612351769
皮爽贞,13612355536
皮思,13612357036
皮思铎,13612361090
皮婷,13612362905
皮婷,13612364849
皮婷,13612367648
皮婷珍,13612368304
皮彤,13612374761
皮彤,13612376813
皮彤琴,13612382517
皮彤青,13612383583
皮彤欣,13612387810
皮彤瑶,13612388932
皮彤源,13612389359
皮纨,13612391005
皮纨,13612398287
皮纨,13612403837
皮纨菁,13612409731
皮纨娴,13612409754
皮纨妍,13612422792
皮婉,13612444919
皮婉,13612444933
皮琬,13612448380
皮琬,13612462592
皮琬,13612465075
皮琬皑,13612467797
皮琬璧,13612469635
皮琬嫣,13612479617
皮琬依,13612488965
皮琬宜,13612511428
皮琬羽,13612511649
皮薇,13612514006
皮薇,13612514881
皮薇铎,13612551663
皮薇灵,13612559566
皮薇美,13612577518
皮薇珊,13612611797
皮薇元,13612622306
皮文,13612632674
皮文,13612646697
皮文,13612647082
皮文,13612666565
皮文瑾,13612667417
皮文雅,13612686063
皮文云,13612687221
皮夕,13612712432
皮希,13612722387
皮希,13612727546
皮希,13612731543
皮希,13612732341
皮希,13612735086
皮希,13612743742
皮希,13612744347
皮希泓,13612755388
皮希晶,13612756198
皮希爽,13612757837
皮希文,13612762433
皮希娅,13612763285
皮希依,13612781848
皮希珍,13612791134
皮先,13612792886
皮先瑶,13612793598
皮先伊,13612802056
皮先珍,13612808772
皮娴,13612815725
皮娴,13612816070
皮娴,13612816595
皮娴,13612819933
皮娴,13612822709
皮娴,13612833599
皮娴瑾,13612839675
皮娴倩,13612841430
皮娴卿,13612843774
皮娴蓉,13612845118
皮娴夕,13612845700
皮娴希,13612856060
皮娴宣,13612861729
皮娴妍,13612862475
皮娴宇,13612873859
皮娴珍,13612877121
皮欣,13612887568
皮欣,13612888807
皮欣,13612894178
皮欣亚,13612894239
皮馨,13612906700
皮馨,13612907958
皮馨,13612918580
皮馨,13612933962
皮馨沫,13612934083
皮馨欣,13612946037
皮馨允,13612949284
皮信,13612959071
皮信依,13612965415
皮宣,13612986055
皮宣,13612995313
皮萱,13613016528
皮萱,13613037559
皮萱薇,13613054579
皮萱瑶,13613078482
皮漩,13613091832
皮漩,13613091973
皮漩,13613094109
皮漩洁,13613095163
皮漩瑶,13613098609
皮雅,13613107188
皮雅沫,13613108954
皮雅琦,13613133150
皮亚,13613135583
皮亚,13613145227
皮娅,13613146001
皮娅,13613154381
皮娅,13613159163
皮娅,13613159675
皮娅青,13613165283
皮娅融,13613167493
皮娅蕊,13613175751
皮娅娴,13613178883
皮娅怡,13613183077
皮嫣,13613183834
皮嫣,13613191609
皮嫣,13613195197
皮嫣,13613206887
皮嫣灵,13613207153
皮嫣夕,13613217427
皮妍,13613217484
皮妍,13613227439
皮妍,13613255491
皮妍,13613257931
皮妍,13613278647
皮妍,13613278784
皮妍锦,13613293069
皮妍灵,13613299569
皮妍飘,13613309616
皮妍卿,13613309826
皮妍秋,13613316449
皮妍婷,13613317890
皮妍婷,13613318281
皮妍雅,13613324055
皮妍咏,13613326221
皮妍媛,13613327710
皮琰,13613334698
皮琰,13613339721
皮琰,13613345092
皮琰,13613356000
皮琰吉,13613356566
皮琰锦,13613359194
皮琰飘,13613364988
皮琰娴,13613385249
皮艳,13613404350
皮艳,13613411426
皮艳瑶,13613419089
皮艳莺,13613422784
皮艳媛,13613431592
皮雁,13613437679
皮雁,13613438090
皮雁,13613439234
皮雁,13613454160
皮雁,13613455243
皮雁莉,13613463173
皮雁苑,13613464674
皮雁珍,13613468442
皮洋全,13613474734
皮洋蓉,13613475546
皮洋雨,13613489786
皮瑶,13613496190
皮瑶,13613496434
皮瑶,13613518197
皮瑶,13613525346
皮瑶,13613534079
皮瑶,13613534285
皮瑶,13613546851
皮瑶,13613551021
皮瑶,13613558740
皮瑶,13613561505
皮瑶,13613561640
皮瑶,13613563114
皮瑶,13613563325
皮瑶,13613566147
皮瑶,13613572334
皮瑶婵,13613574339
皮瑶荷,13613576319
皮瑶可,13613589226
皮瑶丽,13613591102
皮瑶莉,13613591618
皮瑶茗,13613597875
皮瑶婷,13613598873
皮瑶希,13613599396
皮瑶娴,13613616289
皮瑶雨,13613619632
皮叶纯,13613631158
皮叶茜,13613649940
皮叶娅,13613666104
皮伊,13613666457
皮伊,13613672316
皮伊苑,13613676747
皮依,13613676958
皮依,13613683618
皮依,13613687245
皮依,13613698701
皮依,13613703376
皮依婕,13613716133
皮依莲,13613719390
皮依露,13613727251
皮依娴,13613743570
皮依毓,13613751345
皮仪,13613764261
皮仪,13613785355
皮仪,13613794681
皮仪,13613801405
皮仪,13613807435
皮沂莎,13613827009
皮沂萱,13613836364
皮怡,13613849161
皮怡婕,13613852839
皮怡露,13613862975
皮怡淇,13613863269
皮怡妍,13613864815
皮怡咏,13613884174
皮怡珍,13613887499
皮怡子,13613892787
皮宜,13613903168
皮宜,13613916404
皮宜黛,13613926610
皮宜晴,13613933272
皮宜婷,13613939559
皮宜云,13613952314
皮艺,13613956198
皮艺,13613963509
皮艺,13613964603
皮艺,13613966833
皮艺瑾,13613971326
皮奕,13613971427
皮奕夕,13613974189
皮莺,13613983353
皮莹,13613983949
皮莹,13613985303
皮莹元,13613989582
皮颖,13613998057
皮颖,13614008183
皮颖,13614008668
皮颖月,13614025263
皮影,13614037568
皮影,13614041361
皮影,13614063939
皮影,13614074682
皮影健,13614075506
皮影夕,13614086653
皮影颖,13614088250
皮咏,13614096203
皮咏,13614103705
皮咏玉,13614111903
皮咏毓,13614114753
皮妤婕,13614119064
皮宇,13614132723
皮羽,13614141372
皮羽,13614149964
皮羽,13614158508
皮羽毓,13614175135
皮雨,13614182076
皮雨,13614187763
皮雨宁,13614189291
皮玉,13614197585
皮玉,13614203170
皮玉皑,13614203397
皮玉黛,13614207142
皮玉琼,13614215535
皮玉怡,13614225712
皮育,13614229651
皮育,13614231682
皮育,13614248935
皮育,13614269891
皮育,13614278459
皮育秋,13614295044
皮育琰,13614317775
皮育雁,13614323206
皮育咏,13614327008
皮毓,13614343306
皮毓沫,13614348654
皮毓娅,13614351814
皮毓园,13614353581
皮渊,13614356989
皮渊,13614368880
皮元,13614371383
皮园,13614371467
皮园,13614378152
皮园,13614391493
皮园,13614394815
皮园,13614432144
皮园纯,13614443087
皮园澜,13614446598
皮园茜,13614448503
皮园瑗,13614457205
皮园悦,13614458585
皮媛,13614464278
皮媛,13614478741
皮媛,13614483761
皮媛,13614485798
皮媛,13614492748
皮媛,13614499314
皮媛洁,13614499806
皮媛梦,13614509163
皮媛琬,13614527345
皮媛咏,13614536720
皮源,13614537899
皮源,13614539653
皮源彤,13614568733
皮源瑶,13614573312
皮苑,13614574351
皮苑,13614575509
皮苑,13614576385
皮苑梦,13614599748
皮苑琴,13614611257
皮瑗,13614619912
皮瑗,13614624119
皮瑗,13614634913
皮瑗倩,13614635667
皮瑗荣,13614637369
皮瑗漩,13614654062
皮月,13614666959
皮月君,13614672418
皮悦,13614677818
皮悦,13614678552
皮悦,13614688532
皮悦,13614723924
皮悦,13614738345
皮悦,13614769057
皮悦冰,13614775154
皮悦冰,13614787764
皮悦菁,13614788351
皮悦爽,13614789988
皮悦琬,13614799881
皮悦娴,13614799957
皮悦宣,13614807707
皮悦琰,13614814153
皮悦毓,13614818306
皮云,13614832461
皮云,13614835194
皮云,13614838348
皮云,13614842703
皮云婵,13614854499
皮云荷,13614856139
皮云荷,13614868736
皮云乐,13614879633
皮云沫,13614892325
皮云茜,13614895059
皮云沂,13614912519
皮云瑗,13614914363
皮韵,13614916103
皮韵,13614922000
皮韵淳,13614925848
皮韵瑾,13614933910
皮韵青,13614937763
皮昭,13614944655
皮昭,13614959914
皮昭,13614982248
皮昭丹,13614988329
皮昭希,13614993635
皮昭一,13614996465
皮贞,13615007712
皮贞,13615009384
皮贞,13615027283
皮贞,13615031301
皮珍,13615031384
皮珍,13615039255
皮珍,13615051187
皮珍,13615057001
皮珍,13615072454
皮珍,13615073329
皮珍,13615079810
皮珍,13615087411
皮珍,13615094545
皮珍琴,13615096332
皮珍娴,13615098143
皮珍瑶,13615107026
皮珍瑶,13615122928
皮珍咏,13615127188
皮真,13615127693
皮真,13615138189
皮真彤,13615141394
皮真月,13615158839
皮镇,13615162383
皮镇融,13615169397
皮镇琰,13615172513
皮芝,13615172874
皮子影,13615183988
皮子昭,13615191450
平皑,13615199750
平皑,13615203588
平皑岚,13615206649
平柏,13615209366
平蓓,13615213255
平蓓,13615216672
平蓓,13615227553
平蓓,13615234290
平蓓,13615251420
平蓓,13615255211
平蓓露,13615266859
平蓓融,13615275579
平璧荷,13615289530
平璧萍,13615292079
平冰,13615293569
平冰,13615299527
平冰欣,13615302895
平冰叶,13615315819
平婵,13615332194
平婵,13615347842
平婵,13615364856
平婵,13615365622
平婵,13615374748
平婵,13615377037
平婵姣,13615381451
平婵岚,13615383574
平婵佩,13615402840
平婵怡,13615415020
平晨,13615415334
平纯,13615423173
平纯,13615424049
平纯,13615427797
平纯,13615431571
平纯,13615431637
平纯璐,13615461885
平纯妍,13615465075
平纯怡,13615466933
平淳,13615519793
平淳,13615556885
平淳,13615562142
平淳,13615574148
平淳媛,13615574902
平聪,13615578549
平聪,13615599848
平聪,13615602142
平聪,13615615782
平聪,13615625504
平聪,13615629164
平聪,13615633213
平聪可,13615639521
平聪梦,13615643007
平聪宁,13615643552
平聪茜,13615652510
平聪希,13615653597
平聪妍,13615665399
平聪玉,13615678532
平黛,13615687730
平黛,13615688546
平黛,13615692198
平黛,13615734605
平黛蓓,13615735776
平黛梦,13615739604
平黛艺,13615745781
平丹,13615749118
平丹,13615753361
平丹,13615763090
平丹,13615774243
平丹,13615813371
平娣雨,13615814011
平铎,13615815346
平铎,13615821957
平凡,13615824911
平凡,13615825324
平凡,13615832647
平凡琦,13615851336
平芳,13615851487
平芳信,13615858563
平函,13615862234
平函,13615874480
平函,13615878459
平函,13615889824
平函吉,13615905304
平涵倩,13615917148
平涵秋,13615919255
平涵希,13615919330
平涵苑,13615928027
平浩,13615942064
平浩淇,13615942627
平浩艺,13615943603
平和,13615948750
平和荣,13615965925
平荷,13615979703
平荷,13615988368
平荷,13615989523
平荷婕,13615989956
平荷沫,13615995493
平荷瑶,13615997715
平荷怡,13616011064
平荷毓,13616014349
平泓,13616015984
平泓,13616025957
平吉宁,13616029550
平健冰,13616031642
平姣,13616033646
平洁,13616037828
平洁,13616043490
平洁淳,13616047142
平婕,13616057253
平婕,13616058061
平婕,13616059720
平婕君,13616068101
平婕叶,13616069927
平婕妤,13616071609
平锦,13616071957
平锦,13616077657
平锦,13616077688
平锦,13616091711
平锦,13616095989
平锦荷,13616101033
平锦瑾,13616112001
平锦晶,13616118669
平锦梦,13616119048
平锦瑗,13616131924
平瑾,13616143346
平瑾,13616154138
平瑾黛,13616168667
平瑾娟,13616173659
平瑾琦,13616173821
平瑾倩,13616184815
平瑾沂,13616192263
平菁,13616196969
平菁,13616196999
平菁澜,13616197314
平菁乐,13616199020
平菁娴,13616201640
平君,13616204296
平君,13616205337
平君,13616206052
平君,13616216407
平君蓓,13616217273
平君岚,13616224082
平君育,13616225295
平君芝,13616225598
平钧冰,13616247309
平钧元,13616251377
平凯,13616254335
平凯,13616259336
平凯茜,13616261925
平凯琴,13616265613
平凯咏,13616267164
平可,13616273300
平可,13616277320
平可,13616293011
平可,13616305817
平克,13616306004
平克黛,13616313725
平岚,13616315722
平岚,13616324253
平岚,13616331369
平岚君,13616355683
平岚夕,13616357213
平岚宜,13616364836
平岚苑,13616365222
平澜,13616371988
平澜,13616382728
平澜,13616385211
平澜,13616391105
平乐,13616394979
平乐,13616406685
平乐,13616407925
平乐,13616426208
平乐凡,13616427417
平乐岚,13616428193
平乐沫,13616436857
平乐思,13616452300
平丽,13616459510
平丽,13616488400
平丽,13616489400
平丽,13616497816
平丽娣,13616498457
平丽馨,13616498624
平丽毓,13616515189
平丽真,13616524377
平莉,13616538198
平莉,13616538562
平莉,13616546078
平莉,13616546202
平莉,13616553374
平莉莉,13616561752
平莉眉,13616562932
平莉蕊,13616564245
平莲,13616596550
平莲灵,13616601012
平莲娅,13616605402
平灵,13616629595
平灵,13616635497
平灵菁,13616636996
平灵秋,13616639940
平灵媛,13616648990
平菱,13616649107
平菱,13616655441
平菱,13616664051
平菱,13616667016
平菱佩,13616668961
平菱琰,13616674204
平璐,13616674512
平璐皑,13616679529
平璐丹,13616689258
平璐宁,13616692112
平璐淇,13616716592
平璐仪,13616725086
平璐悦,13616729688
平露,13616741082
平露,13616756076
平露,13616773892
平露,13616781486
平露,13616781749
平露菁,13616783251
平露希,13616785466
平露希,13616787723
平露子,13616792650
平眉,13616792701
平眉,13616799709
平眉,13616806888
平眉,13616809880
平眉梦,13616815611
平美,13616815999
平美,13616826605
平美,13616836554
平美,13616868630
平美琬,13616868800
平梦,13616876659
平梦,13616882447
平梦,13616888082
平梦,13616898059
平梦,13616906228
平梦,13616912533
平梦婕,13616919996
平梦菱,13616921607
平梦洋,13616926104
平梦怡,13616939629
平梦颖,13616942470
平茗,13616944639
平茗,13616951117
平茗,13616952232
平茗,13616971386
平茗瑗,13616976144
平铭,13616987165
平沫,13616988345
平沫,13617006394
平沫,13617036881
平娜,13617059448
平娜璐,13617073010
平宁,13617085807
平宁,13617094916
平宁,13617096876
平宁,13617097015
平宁,13617101215
平宁,13617101576
平宁,13617107613
平宁灵,13617111370
平宁茗,13617122721
平宁宁,13617135137
平佩,13617141212
平佩,13617147783
平佩丹,13617148755
平佩锦,13617151882
平佩淇,13617164717
平佩漩,13617167655
平佩毓,13617179103
平飘,13617197432
平飘,13617198848
平飘,13617203572
平飘,13617207931
平飘梦,13617209740
平飘沫,13617219034
平飘馨,13617222714
平飘瑶,13617223122
平飘月,13617225042
平萍菱,13617226422
平淇,13617227368
平淇,13617228245
平淇,13617229534
平淇,13617232446
平淇彤,13617245111
平淇纨,13617245332
平淇漩,13617247637
平琪,13617255068
平琪,13617264256
平琪,13617268326
平琪君,13617269469
平琪荣,13617303931
平琦,13617305338
平琦,13617308430
平琦清,13617318128
平琦瑶,13617324949
平茜,13617326242
平茜,13617335615
平茜,13617346599
平茜,13617356945
平茜,13617381552
平茜,13617388772
平茜,13617389161
平茜,13617406394
平茜,13617407775
平茜,13617409465
平茜,13617412158
平茜璧,13617427218
平茜琰,13617431853
平茜瑶,13617443549
平茜园,13617454685
平倩,13617455494
平倩,13617456388
平倩,13617458097
平倩,13617462706
平倩,13617469855
平倩,13617473640
平倩,13617478384
平倩,13617478451
平倩,13617479969
平倩柏,13617483560
平倩琴,13617486470
平倩信,13617492522
平倩宣,13617513991
平琴,13617514116
平琴,13617515016
平琴,13617523603
平琴,13617528228
平琴,13617531049
平琴莎,13617547105
平琴依,13617555037
平琴玉,13617564629
平琴媛,13617569654
平勤茜,13617569716
平勤雁,13617569913
平青,13617571191
平青,13617583860
平青,13617584563
平青,13617591658
平青,13617603977
平青丹,13617611525
平青婕,13617613713
平青卿,13617616221
平青毓,13617619784
平青媛,13617621409
平卿,13617622319
平卿,13617626613
平卿,13617632801
平卿真,13617643186
平清,13617648931
平清,13617656371
平清元,13617672791
平晴,13617681723
平晴,13617688193
平晴,13617693226
平晴,13617697924
平晴莲,13617708166
平晴飘,13617713286
平晴琴,13617721451
平琼茗,13617729345
平秋,13617732814
平秋,13617737426
平秋,13617739656
平秋莉,13617749158
平秋晴,13617752350
平蓉,13617762920
平蓉,13617772053
平蓉,13617775741
平蓉娟,13617778504
平蓉莎,13617798800
平融,13617812918
平融,13617826647
平融雨,13617827999
平茹,13617834102
平茹,13617852769
平茹希,13617867196
平茹源,13617877152
平蕊,13617885996
平蕊,13617897491
平蕊,13617902109
平蕊,13617918239
平蕊,13617931651
平蕊,13617942278
平蕊,13617946025
平蕊,13617956245
平蕊璐,13617959829
平蕊沫,13617967683
平蕊飘,13617969999
平蕊琴,13617971036
平蕊妍,13617975626
平莎,13617982447
平莎,13617983273
平莎,13617985971
平莎,13617986687
平莎,13617997782
平莎,13618006118
平莎,13618013011
平莎宣,13618037616
平珊,13618039092
平珊,13618043383
平珊,13618049011
平珊薇,13618052395
平珊真,13618068184
平爽,13618091358
平爽,13618111461
平爽,13618118359
平爽环,13618123324
平爽梦,13618131372
平思,13618151701
平思茜,13618157082
平婷,13618173895
平婷,13618173944
平婷,13618176943
平婷泓,13618181783
平婷露,13618191150
平婷琼,13618202466
平婷琼,13618207754
平婷洋,13618224269
平婷镇,13618244910
平彤,13618244920
平彤,13618248156
平彤,13618271699
平彤,13618273558
平彤,13618274767
平彤,13618276213
平彤融,13618282721
平彤雁,13618286350
平纨,13618287164
平纨,13618303723
平纨,13618312695
平纨,13618316375
平纨,13618321783
平纨琴,13618346771
平纨珊,13618356238
平纨婉,13618361674
平婉,13618369780
平婉,13618374882
平婉,13618375306
平婉吉,13618379233
平琬,13618379497
平琬,13618392618
平琬灵,13618397586
平琬琼,13618408018
平琬珊,13618423689
平琬羽,13618425485
平薇,13618436627
平薇,13618439917
平薇,13618449904
平薇菁,13618452354
平薇茜,13618466218
平薇晴,13618478764
平文,13618482066
平文,13618491678
平文,13618496427
平文丹,13618497442
平文秋,13618502220
平夕,13618502276
平夕,13618503964
平夕,13618509533
平夕,13618516499
平夕,13618521451
平夕瑾,13618523634
平夕露,13618527910
平夕茗,13618528118
平夕薇,13618533586
平夕娅,13618539243
平夕玉,13618544729
平希,13618549859
平希,13618565452
平希,13618566845
平希,13618573605
平希,13618577512
平希,13618618219
平希函,13618632080
平希岚,13618633691
平希梦,13618654460
平希茗,13618663770
平希佩,13618676628
平希融,13618677291
平希文,13618678336
平希娅,13618681278
平希莺,13618684273
平先,13618698815
平先,13618707241
平先,13618738250
平先瑾,13618742744
平先娅,13618758089
平娴,13618797360
平娴,13618801769
平娴,13618808320
平娴,13618818626
平娴晴,13618826019
平娴漩,13618839706
平娴沂,13618845816
平娴怡,13618857412
平娴奕,13618859138
平娴羽,13618861654
平欣,13618866104
平欣,13618877254
平欣夕,13618898548
平欣瑶,13618899484
平欣依,13618906082
平欣瑗,13618914144
平欣芝,13618916189
平馨,13618916511
平馨,13618922395
平馨,13618928065
平馨琴,13618931265
平馨妍,13618933541
平信,13618938672
平宣,13618947932
平宣琬,13618954672
平萱,13618959915
平萱,13618971589
平萱,13618971914
平萱,13618976582
平萱梦,13619015682
平萱宁,13619019722
平萱融,13619023670
平萱融,13619024233
平萱雁,13619051848
平萱咏,13619052848
平萱钊,13619068283
平萱真,13619069596
平漩,13619074662
平漩,13619086087
平漩,13619096567
平漩,13619105097
平漩,13619106668
平漩,13619116213
平漩,13619117387
平漩,13619154609
平漩,13619164138
平漩露,13619182237
平雅,13619184612
平雅,13619188200
平雅娅,13619209028
平雅沂,13619219061
平雅奕,13619223202
平亚淇,13619225780
平娅,13619236802
平娅,13619237269
平娅,13619237674
平娅,13619238582
平娅,13619238976
平娅,13619249302
平娅,13619252869
平娅婕,13619265469
平娅倩,13619269512
平娅思,13619273130
平娅娴,13619281947
平嫣,13619293436
平嫣,13619297194
平嫣,13619297356
平嫣,13619298956
平嫣,13619309059
平嫣秋,13619309473
平嫣琰,13619313283
平妍,13619314875
平妍,13619315073
平妍,13619324881
平妍灵,13619338667
平妍沫,13619346639
平妍佩,13619351313
平妍仪,13619377457
平妍雨,13619396963
平妍苑,13619405426
平琰,13619411513
平琰希,13619414880
平琰馨,13619417248
平艳,13619423837
平艳,13619442094
平艳铎,13619442752
平艳乐,13619443651
平艳飘,13619455901
平艳妍,13619466224
平雁,13619498564
平雁,13619514495
平雁环,13619522804
平雁爽,13619525365
平洋,13619533359
平洋,13619537266
平洋纯,13619537721
平洋佩,13619543338
平瑶,13619544267
平瑶,13619546861
平瑶,13619572501
平瑶,13619573722
平瑶,13619575545
平瑶,13619586571
平瑶,13619588204
平瑶,13619596942
平瑶,13619598962
平瑶芳,13619603933
平瑶菱,13619605995
平瑶露,13619618048
平瑶美,13619623869
平瑶梦,13619636429
平瑶佩,13619643847
平瑶蕊,13619645793
平瑶婷,13619653063
平瑶夕,13619656752
平叶,13619664869
平叶琬,13619671363
平一,13619676536
平一,13619716873
平一美,13619736275
平一萱,13619738908
平伊,13619739338
平伊,13619748853
平伊,13619766039
平伊,13619781942
平伊,13619785194
平伊,13619789662
平伊淇,13619801044
平伊蕊,13619804231
平依,13619804539
平依,13619807821
平依,13619809966
平依,13619815158
平依莲,13619817894
平依晴,13619835037
平依仪,13619838488
平依影,13619841547
平仪,13619841984
平仪,13619859653
平仪荷,13619867888
平怡,13619871435
平怡,13619872954
平怡,13619877844
平怡,13619884526
平怡,13619889450
平怡,13619891931
平怡,13619892047
平怡黛,13619912678
平怡环,13619913775
平怡姣,13619934457
平怡瑾,13619938812
平怡灵,13619942611
平怡露,13619943022
平怡萱,13619947701
平怡一,13619956030
平怡雨,13619967750
平怡悦,13619969320
平宜,13619971678
平宜,13619973168
平宜娴,13619979806
平艺,13619993287
平艺,13619993644
平艺锦,13619999652
平奕,13620006048
平奕涵,13620037449
平奕娅,13620071134
平莺桂,13620084748
平莺毓,13620091464
平莹,13620097156
平莹,13620103833
平莹,13620112967
平莹,13620123199
平颖,13620139201
平颖,13620145079
平颖,13620155956
平颖荷,13620158940
平颖婕,13620164793
平颖飘,13620167165
平颖瑶,13620183210
平颖珍,13620194922
平影,13620209272
平影,13620225419
平影,13620233792
平影,13620235326
平影彤,13620262032
平影萱,13620264471
平咏,13620266268
平咏,13620272031
平咏,13620273760
平咏,13620307671
平咏,13620311462
平咏菁,13620312043
平咏莉,13620321741
平咏薇,13620321744
平妤,13620329984
平妤育,13620331553
平宇,13620331790
平宇,13620333170
平宇先,13620338418
平宇怡,13620353328
平宇苑,13620356365
平羽,13620366871
平羽,13620368648
平羽,13620371246
平羽菁,13620371330
平羽可,13620372417
平羽茜,13620375320
平羽珊,13620404226
平羽婷,13620408492
平羽婉,13620427167
平雨,13620446036
平雨婕,13620453327
平雨娟,13620479011
平雨茗,13620493395
平玉,13620493694
平玉茗,13620508730
平玉蕊,13620518225
平玉薇,13620527831
平育,13620535988
平育宁,13620547197
平育蕊,13620548399
平育亚,13620556305
平毓,13620565492
平毓,13620569901
平毓,13620583346
平毓函,13620586563
平渊,13620591642
平渊,13620595548
平渊,13620609477
平渊影,13620623152
平渊悦,13620623736
平元,13620631416
平元,13620632584
平元,13620633730
平元宁,13620658871
平元飘,13620666160
平园,13620667466
平园,13620673589
平园,13620673719
平园,13620673762
平园洁,13620674647
平园娅,13620688495
平园艺,13620695687
平园芝,13620698264
平媛,13620724400
平媛,13620724720
平媛,13620729640
平媛,13620732932
平媛,13620735242
平媛澜,13620741148
平媛茜,13620742261
平媛夕,13620742275
平媛希,13620791493
平媛妍,13620806963
平媛依,13620823673
平媛瑗,13620826430
平源希,13620832350
平源元,13620839949
平苑,13620841861
平苑,13620847414
平苑,13620861024
平苑,13620878898
平苑,13620883048
平苑,13620893836
平苑,13620898233
平苑黛,13620924858
平苑泓,13620938342
平苑飘,13620939814
平苑先,13620954894
平苑颖,13620955079
平苑钊,13620963944
平月,13620971021
平月,13620973971
平月,13620977818
平月铎,13620977915
平月珊,13620999273
平月妍,13621004230
平悦,13621005669
平悦,13621022194
平悦,13621031344
平悦,13621031570
平悦晨,13621038866
平悦宁,13621047068
平悦青,13621057477
平悦青,13621058070
平悦晴,13621059067
平悦夕,13621083076
平悦依,13621084960
平悦怡,13621086085
平悦怡,13621087171
平韵,13621093253
平韵柏,13621106508
平韵源,13621107009
平钊,13621108702
平钊纨,13621124680
平钊欣,13621132422
平钊馨,13621145275
平昭,13621165029
平昭,13621166172
平昭,13621169730
平昭,13621187656
平昭莉,13621192491
平贞育,13621194437
平珍,13621202898
平珍,13621204925
平珍乐,13621206065
平珍梦,13621207338
平珍茹,13621214630
平珍琰,13621216360
平真,13621228415
平镇,13621233456
平镇宁,13621236136
平镇荣,13621237160
平芝,13621258505
戚皑,13621259567
戚皑,13621268621
戚皑秋,13621273497
戚柏,13621273504
戚柏,13621276223
戚柏,13621281553
戚柏,13621284447
戚蓓,13621285980
戚蓓倩,13621294373
戚蓓琰,13621294735
戚蓓瑶,13621298060
戚蓓昭,13621301641
戚蓓珍,13621304741
戚冰,13621305321
戚冰,13621311116
戚冰,13621314215
戚冰淳,13621335901
戚冰美,13621349510
戚冰飘,13621351879
戚冰淇,13621354800
戚婵,13621355328
戚婵,13621359724
戚婵,13621361139
戚婵,13621362027
戚婵冰,13621365485
戚婵冰,13621371231
戚婵凡,13621378247
戚婵瑾,13621388534
戚婵漩,13621396540
戚婵珍,13621405337
戚晨,13621405607
戚晨,13621409517
戚晨,13621411699
戚晨,13621417008
戚晨梦,13621428765
戚晨雨,13621433066
戚纯,13621433324
戚纯,13621435161
戚纯,13621448960
戚纯,13621451937
戚纯,13621452420
戚纯丹,13621478980
戚纯函,13621479266
戚纯菁,13621479861
戚纯娜,13621482274
戚纯宁,13621492650
戚纯莺,13621511282
戚淳,13621512650
戚淳,13621513575
戚淳君,13621516033
戚聪,13621522065
戚聪,13621523770
戚聪,13621534603
戚聪倩,13621537524
戚黛,13621541790
戚黛,13621542727
戚黛,13621552559
戚黛,13621564332
戚黛,13621572970
戚黛,13621583340
戚黛芳,13621587894
戚黛瑾,13621588830
戚黛美,13621595177
戚黛妤,13621603286
戚丹,13621605414
戚丹,13621627446
戚丹,13621632213
戚丹,13621635673
戚丹,13621638179
戚丹,13621641471
戚丹,13621646155
戚丹,13621646300
戚丹梦,13621656139
戚丹婉,13621656863
戚丹希,13621669577
戚丹毓,13621672200
戚娣,13621681141
戚娣莎,13621683570
戚娣影,13621692910
戚铎,13621694057
戚铎,13621695677
戚凡,13621703394
戚凡,13621706210
戚凡,13621709307
戚凡婕,13621712742
戚芳,13621717340
戚芳馨,13621727819
戚芳仪,13621728500
戚芳羽,13621732410
戚桂,13621737393
戚函,13621739532
戚函秋,13621748341
戚函薇,13621753938
戚涵娜,13621757780
戚涵玉,13621761668
戚浩乐,13621767723
戚荷,13621778747
戚荷,13621787513
戚荷,13621792434
戚荷,13621814781
戚荷宁,13621815846
戚荷蓉,13621819593
戚泓瑾,13621822131
戚吉,13621822796
戚吉,13621832990
戚吉锦,13621835429
戚吉梦,13621836858
戚健秋,13621837252
戚健秋,13621849412
戚健信,13621865103
戚姣芳,13621869997
戚姣蓉,13621875070
戚婕,13621881209
戚婕晨,13621895722
戚婕倩,13621901852
戚婕清,13621914048
戚锦,13621929087
戚锦,13621942075
戚锦,13621948559
戚锦晶,13621952733
戚锦珊,13621954654
戚锦苑,13621958183
戚瑾,13621962117
戚瑾,13621971103
戚瑾,13621972382
戚瑾,13621973511
戚瑾,13621976841
戚瑾,13621992828
戚瑾淇,13621995949
戚菁,13621997738
戚菁,13622002485
戚菁,13622018152
戚菁,13622027303
戚菁倩,13622031472
戚菁蕊,13622032197
戚菁沂,13622036260
戚晶,13622043236
戚晶秋,13622044108
戚娟,13622049183
戚娟淳,13622051456
戚娟聪,13622079999
戚娟梦,13622096393
戚娟希,13622097484
戚君,13622102447
戚君,13622115556
戚君,13622131966
戚君蕊,13622133774
戚君娴,13622137206
戚钧,13622151052
戚钧瑾,13622151860
戚钧娅,13622154049
戚凯璐,13622161561
戚凯媛,13622168479
戚凯苑,13622185741
戚凯月,13622193128
戚可,13622195540
戚可钊,13622217709
戚克,13622222671
戚克,13622245761
戚克吉,13622252024
戚克倩,13622253261
戚岚,13622253676
戚岚,13622254391
戚岚,13622269873
戚岚,13622271853
戚岚淇,13622282866
戚岚融,13622283607
戚澜,13622284397
戚澜,13622299214
戚澜,13622309775
戚澜,13622316170
戚澜,13622319786
戚澜凯,13622332750
戚澜璐,13622341646
戚澜飘,13622342799
戚乐,13622344397
戚乐,13622358775
戚乐,13622361896
戚乐钧,13622368718
戚乐宁,13622421234
戚乐雁,13622424103
戚乐伊,13622443952
戚乐怡,13622445363
戚丽,13622446769
戚丽菁,13622456754
戚丽琬,13622471199
戚丽雅,13622488123
戚莉,13622489339
戚莉,13622492961
戚莉婵,13622495368
戚莉可,13622498182
戚莉宁,13622511522
戚莉莹,13622526999
戚莲,13622527917
戚莲夕,13622533464
戚灵,13622533934
戚灵,13622547679
戚灵,13622565778
戚灵依,13622572348
戚灵颖,13622578148
戚灵育,13622579791
戚菱,13622582098
戚菱,13622593923
戚菱,13622605002
戚菱沫,13622606371
戚菱青,13622608579
戚璐,13622612638
戚璐,13622613028
戚璐瑶,13622615580
戚露,13622618112
戚露,13622619404
戚露,13622625530
戚露,13622627168
戚露菁,13622627217
戚露璐,13622633215
戚露娜,13622635144
戚露萍,13622645071
戚露娴,13622657104
戚露育,13622665189
戚眉,13622677107
戚眉,13622682566
戚眉,13622683433
戚眉,13622686728
戚眉茜,13622687745
戚眉韵,13622689000
戚美,13622691776
戚美,13622692323
戚美,13622711112
戚美,13622711346
戚美纯,13622718009
戚梦,13622722173
戚梦,13622722560
戚梦,13622724905
戚梦,13622732710
戚梦晨,13622737894
戚梦露,13622742153
戚梦飘,13622774915
戚梦馨,13622785974
戚梦萱,13622789690
戚梦悦,13622795223
戚茗,13622796758
戚茗,13622797819
戚茗,13622805865
戚茗菱,13622843355
戚茗铭,13622843790
戚茗希,13622851738
戚茗娅,13622853152
戚铭,13622857065
戚铭,13622877023
戚沫,13622886660
戚沫,13622895206
戚沫,13622902126
戚沫,13622903269
戚沫婷,13622904890
戚沫伊,13622909074
戚宁,13622916621
戚宁,13622917852
戚宁,13622924619
戚宁,13622924892
戚宁飘,13622925993
戚宁倩,13622926497
戚宁蓉,13622944581
戚宁夕,13622964506
戚宁依,13622964690
戚佩,13622971367
戚佩纨,13622972796
戚佩文,13622994983
戚佩萱,13623001899
戚佩咏,13623002115
戚佩珍,13623004114
戚飘,13623028734
戚飘,13623029776
戚飘,13623031799
戚飘,13623031859
戚飘,13623037442
戚飘梦,13623041229
戚飘梦,13623045078
戚飘嫣,13623045361
戚飘影,13623046112
戚飘咏,13623046903
戚萍聪,13623052960
戚萍宁,13623055366
戚淇,13623056937
戚淇琴,13623067115
戚淇纨,13623075866
戚淇娅,13623076614
戚琪,13623076724
戚琪,13623081569
戚琪彤,13623084594
戚琪子,13623087139
戚琦茗,13623099957
戚琦文,13623106406
戚茜,13623114679
戚茜,13623117920
戚茜,13623124810
戚茜丹,13623142925
戚茜灵,13623143231
戚茜眉,13623155384
戚茜全,13623162266
戚茜先,13623174654
戚茜欣,13623175232
戚茜怡,13623175694
戚茜园,13623183002
戚倩,13623192067
戚倩,13623193683
戚倩,13623202045
戚倩,13623203248
戚倩,13623208403
戚倩,13623236772
戚倩,13623251671
戚倩乐,13623259701
戚倩茗,13623283169
戚倩佩,13623286942
戚倩爽,13623289787
戚倩一,13623294490
戚倩源,13623296842
戚倩悦,13623311900
戚倩珍,13623318051
戚琴,13623331155
戚琴,13623332433
戚琴,13623336232
戚琴,13623346065
戚琴,13623353008
戚琴,13623356448
戚琴,13623372322
戚琴,13623373373
戚琴皑,13623396513
戚琴露,13623402762
戚琴夕,13623403880
戚琴瑶,13623444809
戚琴玉,13623451097
戚琴昭,13623464773
戚勤,13623467136
戚勤,13623468052
戚勤妤,13623473922
戚勤珍,13623483885
戚青,13623503780
戚青,13623508342
戚青,13623518232
戚青,13623518624
戚青,13623532437
戚青,13623533350
戚青,13623536418
戚青,13623536811
戚青,13623539297
戚青嫣,13623542815
戚青悦,13623551339
戚卿,13623556473
戚卿娜,13623559974
戚卿薇,13623569562
戚卿媛,13623595859
戚清,13623602201
戚清宣,13623606100
戚清伊,13623611735
戚晴,13623642986
戚晴,13623648975
戚晴宁,13623663493
戚晴爽,13623669019
戚晴琬,13623676107
戚晴漩,13623693153
戚琼,13623704521
戚秋,13623705458
戚秋君,13623714028
戚秋美,13623714498
戚秋媛,13623728472
戚全,13623728589
戚全,13623734870
戚全,13623739948
戚荣,13623741825
戚荣,13623741919
戚荣婕,13623744429
戚荣婕,13623746181
戚荣婷,13623746571
戚蓉,13623776179
戚蓉,13623777195
戚蓉,13623778773
戚蓉克,13623791511
戚蓉悦,13623793488
戚融,13623794611
戚融,13623795850
戚融,13623796392
戚融冰,13623802797
戚融婵,13623803541
戚融茗,13623821085
戚融咏,13623833115
戚融玉,13623842129
戚茹,13623843048
戚茹,13623849787
戚茹,13623853154
戚蕊,13623853560
戚蕊,13623856130
戚蕊,13623859772
戚蕊,13623869902
戚蕊,13623874796
戚蕊菁,13623875769
戚蕊飘,13623891230
戚蕊蓉,13623897518
戚蕊思,13623902470
戚蕊馨,13623903778
戚蕊园,13623925278
戚莎,13623927792
戚莎,13623933379
戚莎,13623933980
戚莎,13623936385
戚莎莎,13623959946
戚珊,13623967899
戚珊,13623973771
戚珊,13623975304
戚珊可,13623984542
戚珊昭,13623985762
戚爽,13623999077
戚爽,13624002713
戚爽,13624031349
戚爽,13624045495
戚爽,13624052415
戚爽荣,13624062523
戚思,13624063995
戚思,13624065909
戚思黛,13624066569
戚思梦,13624071059
戚思萱,13624073196
戚婷,13624081447
戚婷,13624084946
戚婷,13624086010
戚婷,13624087433
戚婷,13624093232
戚婷,13624101481
戚婷,13624108258
戚婷姣,13624115002
戚婷娟,13624121529
戚婷毓,13624123631
戚婷韵,13624138809
戚彤,13624147645
戚彤,13624165751
戚彤,13624177897
戚彤,13624198811
戚彤,13624202592
戚彤美,13624208139
戚彤夕,13624213106
戚纨,13624224183
戚纨,13624228606
戚纨琴,13624229199
戚纨婉,13624241895
戚纨嫣,13624266301
戚纨媛,13624269566
戚纨苑,13624274370
戚婉,13624277343
戚婉,13624277643
戚婉,13624278529
戚婉,13624279985
戚婉,13624283040
戚婉,13624293066
戚婉云,13624312148
戚琬,13624324546
戚琬,13624326717
戚琬,13624343910
戚琬,13624388527
戚琬,13624388713
戚琬,13624408873
戚琬柏,13624412537
戚琬聪,13624419967
戚琬聪,13624424852
戚琬凡,13624425832
戚琬荷,13624433774
戚琬灵,13624443717
戚琬梦,13624444539
戚琬蕊,13624445743
戚琬希,13624447158
戚琬依,13624457251
戚琬仪,13624466410
戚薇,13624472835
戚薇莹,13624473114
戚文,13624477461
戚文,13624494967
戚文,13624495514
戚文婷,13624501328
戚文文,13624507148
戚夕,13624507230
戚希,13624512460
戚希,13624523953
戚希,13624524059
戚希,13624531072
戚希,13624537195
戚希黛,13624537990
戚希晶,13624544520
戚希灵,13624548685
戚希飘,13624551655
戚希蕊,13624556686
戚希怡,13624559578
戚希渊,13624567252
戚先美,13624573756
戚先茗,13624582420
戚先娴,13624585817
戚先育,13624587148
戚娴,13624595733
戚娴,13624613097
戚娴,13624615054
戚娴,13624626889
戚娴,13624627356
戚娴,13624638487
戚娴,13624639840
戚娴,13624645182
戚娴,13624653580
戚娴美,13624655744
戚娴茗,13624663893
戚娴琼,13624671547
戚娴秋,13624672475
戚娴宜,13624675629
戚欣,13624689967
戚欣,13624694280
戚欣,13624697922
戚欣,13624708876
戚欣莉,13624712094
戚欣露,13624713889
戚欣先,13624716252
戚欣育,13624719525
戚欣媛,13624726784
戚欣媛,13624745712
戚馨,13624754020
戚馨,13624754780
戚馨,13624755228
戚馨,13624755891
戚馨,13624758351
戚馨馨,13624764136
戚馨雁,13624767173
戚信叶,13624778749
戚宣,13624797841
戚宣,13624803575
戚宣,13624803932
戚宣璐,13624832545
戚萱,13624843282
戚萱冰,13624844796
戚漩,13624845624
戚漩,13624854879
戚漩,13624858072
戚漩,13624882312
戚漩欣,13624883508
戚漩嫣,13624887420
戚漩宜,13624901644
戚漩渊,13624903599
戚雅,13624905716
戚雅,13624907979
戚雅,13624909774
戚雅,13624917503
戚雅琴,13624917895
戚雅青,13624919183
戚雅沂,13624924796
戚亚,13624934545
戚亚晴,13624938856
戚亚琰,13624962827
戚娅,13624965182
戚娅,13624966846
戚娅,13624976954
戚娅,13624979643
戚娅,13624981408
戚娅,13624982979
戚娅,13624992456
戚娅,13625002411
戚娅柏,13625006561
戚娅眉,13625026275
戚娅梦,13625036598
戚娅沫,13625039801
戚娅飘,13625044735
戚娅娴,13625051044
戚娅艳,13625052440
戚嫣,13625056905
戚嫣茜,13625057672
戚妍,13625063693
戚妍,13625073226
戚妍,13625073840
戚妍,13625083114
戚妍,13625108323
戚妍,13625109936
戚妍可,13625127069
戚妍眉,13625127111
戚妍宜,13625127352
戚琰,13625136288
戚琰,13625142276
戚琰,13625145530
戚琰环,13625152520
戚琰岚,13625184896
戚琰佩,13625185153
戚艳,13625191551
戚艳,13625193389
戚艳凡,13625193978
戚艳婕,13625208643
戚雁,13625209798
戚雁,13625219922
戚雁,13625226707
戚雁冰,13625235915
戚雁灵,13625236170
戚雁茜,13625236546
戚雁夕,13625237858
戚雁钊,13625241889
戚洋,13625254358
戚瑶,13625254398
戚瑶,13625254705
戚瑶,13625262217
戚瑶,13625263340
戚瑶,13625269540
戚瑶,13625275285
戚瑶,13625281212
戚瑶婵,13625286537
戚瑶莉,13625291682
戚瑶莉,13625295225
戚瑶露,13625297397
戚瑶淇,13625302619
戚瑶茜,13625303743
戚瑶琴,13625307966
戚瑶珊,13625311769
戚瑶文,13625317109
戚瑶元,13625337144
戚叶,13625349399
戚一育,13625353320
戚一珍,13625359557
戚伊,13625369510
戚伊,13625381847
戚伊,13625402443
戚伊,13625404419
戚伊涵,13625404887
戚伊飘,13625406520
戚伊茜,13625407331
戚依,13625412728
戚依,13625417374
戚依,13625424661
戚依,13625439697
戚依,13625454186
戚依漩,13625456813
戚依颖,13625462152
戚依珍,13625465293
戚仪,13625472454
戚仪,13625478659
戚仪,13625486997
戚仪,13625489558
戚仪岚,13625491724
戚沂,13625503196
戚怡,13625505595
戚怡,13625506807
戚怡,13625507926
戚怡,13625514084
戚怡,13625517110
戚怡,13625523016
戚怡,13625538021
戚怡,13625538839
戚怡,13625548351
戚怡,13625549430
戚怡凯,13625553731
戚怡莉,13625555261
戚怡倩,13625566315
戚怡希,13625569764
戚怡欣,13625577218
戚怡馨,13625578195
戚怡钊,13625589437
戚宜,13625591685
戚宜,13625593908
戚宜,13625604937
戚宜,13625613006
戚宜茗,13625615358
戚宜洋,13625619430
戚艺,13625627902
戚奕,13625634121
戚奕,13625657416
戚奕柏,13625674003
戚莺,13625674985
戚莹,13625678729
戚莹,13625691416
戚莹,13625713394
戚颖,13625713432
戚颖,13625716837
戚影,13625718246
戚影,13625726660
戚影婵,13625735190
戚影黛,13625736034
戚影琦,13625737440
戚影瑶,13625744752
戚咏,13625749651
戚咏,13625755696
戚咏,13625757308
戚咏飘,13625758432
戚咏飘,13625759444
戚妤克,13625768983
戚宇乐,13625769564
戚宇漩,13625776363
戚羽,13625781652
戚羽,13625787264
戚羽,13625794403
戚羽,13625801796
戚羽,13625804726
戚羽,13625816075
戚羽,13625828700
戚羽健,13625829471
戚羽澜,13625832977
戚羽蕊,13625849782
戚羽希,13625857043
戚羽瑶,13625867475
戚羽媛,13625867922
戚雨希,13625881073
戚雨玉,13625885184
戚玉佩,13625902024
戚玉娅,13625915514
戚玉瑗,13625925780
戚玉昭,13625934862
戚育凡,13625951272
戚育凡,13625959336
戚育灵,13625968564
戚育梦,13625979397
戚育希,13625985299
戚育玉,13625995475
戚毓,13626001643
戚毓,13626004977
戚毓,13626006158
戚毓,13626008820
戚毓,13626009493
戚毓倩,13626011642
戚毓琬,13626011858
戚毓娅,13626017680
戚毓渊,13626027312
戚毓苑,13626031214
戚渊,13626033172
戚渊,13626036024
戚元璐,13626049232
戚园,13626073340
戚园,13626076083
戚园,13626087563
戚园婷,13626097105
戚园怡,13626105680
戚媛,13626118692
戚媛,13626127895
戚媛,13626147301
戚媛,13626147553
戚媛岚,13626169028
戚媛文,13626173349
戚媛馨,13626184408
戚源,13626188360
戚源,13626193382
戚源,13626239668
戚苑,13626271653
戚苑晨,13626275448
戚苑飘,13626279642
戚苑倩,13626293611
戚苑毓,13626306358
戚苑苑,13626311190
戚瑗,13626348685
戚瑗和,13626355058
戚月,13626357844
戚月冰,13626369169
戚月涵,13626452420
戚月瑾,13626455540
戚月漩,13626456153
戚悦,13626458432
戚悦,13626464933
戚悦,13626466318
戚悦,13626496739
戚悦,13626497252
戚悦,13626498393
戚悦,13626498533
戚悦,13626512602
戚悦蓓,13626521455
戚悦姣,13626529307
戚悦青,13626542228
戚悦卿,13626545406
戚悦瑶,13626545421
戚云,13626545605
戚云,13626547845
戚云,13626549541
戚云,13626565230
戚云璧,13626594669
戚云芳,13626617420
戚云倩,13626626317
戚云媛,13626627289
戚允,13626646840
戚允融,13626665013
戚韵,13626668823
戚韵怡,13626671170
戚钊,13626673280
戚钊蕊,13626673745
戚昭,13626682257
戚昭,13626702866
戚昭,13626708654
戚昭,13626711899
戚昭岚,13626713765
戚昭琬,13626714018
戚贞,13626718323
戚贞眉,13626722291
戚珍,13626722878
戚珍,13626731317
戚珍,13626742628
戚真锦,13626742799
戚镇美,13626754641
戚镇怡,13626761558
戚芝,13626763472
戚子,13626772956
戚子雨,13626773250
齐皑,13626784966
齐皑卿,13626786279
齐柏纯,13626792376
齐柏琴,13626798898
齐柏育,13626801228
齐蓓,13626812598
齐蓓,13626822428
齐蓓纯,13626826886
齐璧,13626847181
齐璧,13626852273
齐冰,13626854071
齐冰,13626872876
齐冰馨,13626879226
齐婵,13626883196
齐婵,13626886500
齐婵,13626888502
齐婵凡,13626894908
齐婵和,13626932706
齐婵璐,13626935556
齐婵琬,13626935616
齐婵馨,13626943497
齐纯,13626948310
齐纯,13626958049
齐纯,13626966468
齐纯纯,13626987379
齐纯飘,13626992890
齐纯飘,13626995888
齐纯琴,13626996210
齐纯文,13626999917
齐纯洋,13627001753
齐淳,13627007454
齐聪,13627007937
齐聪,13627012692
齐聪和,13627028600
齐聪莲,13627035872
齐聪蕊,13627037028
齐聪宣,13627054024
齐聪允,13627056660
齐黛,13627061571
齐黛,13627064455
齐黛,13627068134
齐黛,13627085046
齐黛飘,13627092977
齐黛欣,13627106362
齐黛咏,13627121374
齐丹,13627131139
齐丹,13627143027
齐丹,13627147251
齐丹涵,13627153690
齐丹梦,13627164465
齐丹莺,13627166378
齐娣,13627171601
齐娣皑,13627173385
齐娣怡,13627186466
齐铎,13627189282
齐铎,13627189978
齐铎菁,13627191322
齐铎澜,13627197162
齐凡,13627198516
齐凡,13627201113
齐凡,13627201234
齐凡,13627213763
齐凡,13627226547
齐芳瑾,13627227748
齐桂洁,13627229104
齐函,13627235998
齐函婉,13627253849
齐涵,13627263702
齐涵,13627264273
齐涵,13627272188
齐涵,13627281573
齐涵,13627287307
齐涵冰,13627291028
齐涵娅,13627291767
齐和,13627314950
齐和,13627331130
齐和,13627335041
齐和,13627339777
齐荷,13627342777
齐荷,13627351436
齐荷,13627351473
齐荷,13627357692
齐荷,13627368667
齐荷,13627374762
齐泓,13627377257
齐泓璧,13627381366
齐环,13627388957
齐环洁,13627396825
齐吉,13627398158
齐吉,13627407428
齐吉瑾,13627409810
齐吉灵,13627423567
齐健,13627427167
齐健,13627431573
齐健,13627434068
齐姣锦,13627435547
齐洁,13627442635
齐洁青,13627444865
齐洁萱,13627465978
齐婕,13627466210
齐婕,13627467580
齐婕嫣,13627467827
齐锦,13627469873
齐锦,13627471101
齐锦,13627471999
齐锦,13627486387
齐锦馨,13627488636
齐锦娅,13627508559
齐锦宜,13627514147
齐瑾,13627532478
齐瑾,13627533992
齐瑾,13627544292
齐瑾,13627548852
齐瑾岚,13627551289
齐瑾灵,13627561383
齐瑾莎,13627567942
齐瑾先,13627569461
齐瑾欣,13627571051
齐瑾漩,13627589324
齐菁,13627595760
齐菁,13627597066
齐菁,13627606940
齐菁丹,13627609549
齐菁希,13627614672
齐菁珍,13627628407
齐晶,13627629993
齐晶,13627632110
齐娟,13627636135
齐娟,13627639612
齐娟婵,13627647626
齐娟铎,13627649853
齐娟宁,13627665701
齐娟琪,13627676574
齐娟蓉,13627677108
齐娟融,13627683382
齐娟悦,13627686273
齐君,13627687313
齐君,13627704849
齐君,13627716585
齐君蕊,13627733312
齐君悦,13627739970
齐钧,13627741286
齐钧,13627742572
齐钧欣,13627754200
齐凯,13627759999
齐可,13627762754
齐可,13627763162
齐可,13627768255
齐可洁,13627787628
齐可悦,13627793238
齐克珊,13627793612
齐岚,13627807208
齐岚,13627807824
齐岚,13627812392
齐岚,13627824360
齐岚婵,13627828863
齐岚菁,13627836438
齐岚琦,13627851389
齐岚婉,13627854018
齐澜,13627874904
齐澜,13627879769
齐澜莲,13627886612
齐澜琬,13627894525
齐澜悦,13627906476
齐乐,13627927679
齐乐露,13627928461
齐乐钊,13627928946
齐丽,13627942696
齐丽,13627947590
齐丽爽,13627954600
齐莉,13627968106
齐莉,13627973405
齐莉,13627979405
齐莉勤,13627985807
齐莉欣,13627991628
齐莉真,13627994095
齐莲,13627997869
齐灵,13627999017
齐灵,13628004889
齐菱,13628006939
齐菱育,13628011680
齐璐,13628012841
齐璐瑾,13628038124
齐璐铭,13628042354
齐璐融,13628045977
齐露,13628053454
齐露,13628062274
齐露,13628066511
齐露,13628066595
齐露,13628097643
齐露澜,13628097974
齐露薇,13628099071
齐眉,13628101697
齐眉,13628102581
齐眉,13628106748
齐眉,13628131142
齐眉妤,13628143475
齐美,13628167374
齐美,13628183153
齐美皑,13628195574
齐美倩,13628196415
齐美秋,13628201624
齐美依,13628213351
齐美玉,13628221991
齐梦,13628234271
齐梦,13628241931
齐梦,13628244523
齐梦,13628244983
齐梦冰,13628263493
齐梦瑾,13628279527
齐梦菁,13628279956
齐梦澜,13628287793
齐梦蓉,13628294764
齐梦叶,13628296960
齐梦宇,13628301491
齐梦韵,13628302046
齐茗,13628302912
齐茗,13628311091
齐茗,13628317165
齐茗,13628328447
齐茗,13628332769
齐茗涵,13628337183
齐茗娟,13628354065
齐茗昭,13628362510
齐铭,13628364606
齐铭,13628366431
齐铭,13628376236
齐沫,13628383451
齐沫,13628387890
齐沫,13628389663
齐沫镇,13628424366
齐娜,13628432014
齐宁,13628442900
齐宁,13628449200
齐宁飘,13628453688
齐宁清,13628455058
齐宁妍,13628455853
齐宁依,13628455863
齐宁宜,13628456600
齐佩,13628483334
齐佩,13628484920
齐佩,13628522881
齐佩沂,13628523002
齐飘,13628523820
齐飘婕,13628528193
齐飘晶,13628542964
齐飘钧,13628553999
齐飘琼,13628557270
齐飘希,13628559723
齐萍,13628568426
齐萍,13628568618
齐萍,13628569288
齐萍聪,13628592069
齐淇,13628611050
齐淇,13628616676
齐淇,13628633648
齐淇宁,13628643811
齐淇宜,13628647976
齐琪,13628655304
齐琪茜,13628662392
齐琪钊,13628667738
齐琦,13628675229
齐琦,13628683993
齐琦,13628691114
齐琦,13628711909
齐琦,13628736132
齐琦,13628764683
齐琦锦,13628772894
齐琦克,13628779176
齐琦梦,13628782469
齐琦琴,13628789403
齐茜,13628791704
齐茜,13628795144
齐茜,13628802549
齐茜泓,13628803309
齐茜茗,13628807996
齐茜琦,13628809273
齐茜卿,13628817958
齐茜瑶,13628823334
齐茜怡,13628823956
齐倩,13628825898
齐倩,13628828279
齐倩,13628831489
齐倩,13628848836
齐倩,13628855378
齐倩,13628858648
齐倩,13628865647
齐倩,13628869162
齐倩,13628873484
齐倩,13628896898
齐倩冰,13628898046
齐倩冰,13628917232
齐倩黛,13628924064
齐倩瑾,13628935066
齐倩乐,13628936534
齐倩灵,13628937184
齐倩琼,13628938842
齐倩悦,13628942612
齐倩镇,13628945587
齐琴,13628948732
齐琴,13628951242
齐琴,13628952560
齐琴,13628959538
齐琴,13628963638
齐琴纯,13628966076
齐琴晶,13628969013
齐琴菱,13628972881
齐琴倩,13628973485
齐琴蓉,13628981274
齐琴元,13628985248
齐勤莉,13628994211
齐勤眉,13628996066
齐青,13629001445
齐青,13629018607
齐青,13629032255
齐青,13629033001
齐青,13629033678
齐青琴,13629034045
齐青漩,13629044656
齐卿,13629047102
齐卿,13629069211
齐卿娜,13629072064
齐卿蕊,13629076236
齐卿希,13629091794
齐清,13629099823
齐清文,13629115682
齐晴,13629118349
齐晴宁,13629125055
齐晴卿,13629131628
齐晴瑶,13629136226
齐琼,13629136682
齐琼,13629154656
齐秋,13629165060
齐秋飘,13629165653
齐秋淇,13629176355
齐秋怡,13629183705
齐秋瑗,13629185807
齐全,13629198766
齐荣,13629209049
齐荣,13629245407
齐蓉,13629255228
齐蓉,13629256498
齐蓉,13629259069
齐蓉涵,13629263418
齐蓉琴,13629264026
齐蓉夕,13629276915
齐蓉依,13629277423
齐蓉月,13629281048
齐融,13629285022
齐融,13629286778
齐融,13629289591
齐融黛,13629293886
齐融丹,13629295101
齐融岚,13629297502
齐融萍,13629314571
齐融娅,13629314953
齐融允,13629325725
齐融韵,13629326862
齐茹,13629326932
齐茹晨,13629333440
齐茹茹,13629337726
齐蕊,13629345109
齐蕊,13629361241
齐蕊,13629362219
齐蕊,13629363376
齐蕊纯,13629367326
齐莎,13629377327
齐莎,13629383700
齐莎,13629399811
齐莎蓓,13629409759
齐莎媛,13629415753
齐珊,13629416522
齐珊,13629417966
齐珊,13629423858
齐珊,13629428075
齐珊,13629441254
齐珊函,13629442332
齐珊纨,13629446161
齐爽,13629453352
齐爽,13629457362
齐爽纯,13629463935
齐爽婉,13629477453
齐爽芝,13629483561
齐思,13629484189
齐思,13629502024
齐思沫,13629503010
齐思妍,13629521171
齐思伊,13629522655
齐婷,13629533340
齐婷,13629534967
齐婷,13629541882
齐婷,13629542279
齐婷宁,13629543645
齐婷蓉,13629564415
齐婷瑶,13629573145
齐彤,13629586534
齐彤晨,13629587422
齐彤倩,13629596285
齐彤娴,13629599020
齐彤瑶,13629599590
齐纨,13629625568
齐纨梦,13629643522
齐纨飘,13629644520
齐纨先,13629649275
齐纨妍,13629653710
齐纨奕,13629654732
齐纨颖,13629655515
齐婉,13629659989
齐婉,13629663739
齐婉蓓,13629688562
齐婉茗,13629696133
齐婉悦,13629697403
齐婉真,13629707397
齐琬,13629708442
齐琬丹,13629715097
齐薇,13629719981
齐薇,13629723822
齐薇晴,13629732582
齐薇娴,13629754111
齐薇萱,13629785456
齐薇娅,13629788625
齐薇瑶,13629818836
齐薇瑶,13629819269
齐文,13629822193
齐文,13629822514
齐文,13629828268
齐文,13629833547
齐文,13629851769
齐文婕,13629853434
齐文茜,13629864602
齐文琬,13629866050
齐文夕,13629874773
齐文怡,13629879614
齐夕,13629879675
齐夕,13629885980
齐夕,13629894101
齐夕环,13629898992
齐夕健,13629906733
齐夕晴,13629923882
齐希,13629949298
齐希,13629954266
齐希,13629954469
齐希,13629963728
齐希,13629968809
齐希岚,13629976323
齐希丽,13629979802
齐希露,13629982221
齐希琴,13629996953
齐希怡,13630009393
齐先瑗,13630025569
齐娴,13630041754
齐娴,13630054377
齐娴,13630068171
齐娴,13630074502
齐娴,13630076558
齐娴亚,13630081713
齐娴雁,13630092715
齐娴瑶,13630094760
齐娴莹,13630101927
齐娴雨,13630105724
齐欣,13630126188
齐欣,13630131110
齐欣,13630134050
齐欣,13630135519
齐欣荷,13630135781
齐欣澜,13630142724
齐欣璐,13630152218
齐欣露,13630152344
齐欣嫣,13630165050
齐馨岚,13630187545
齐馨琬,13630187817
齐馨薇,13630188313
齐信,13630188835
齐信琪,13630192161
齐信苑,13630192267
齐宣莉,13630196847
齐宣青,13630207290
齐萱,13630207539
齐萱悦,13630209503
齐漩,13630211783
齐漩,13630213063
齐漩,13630215794
齐漩冰,13630216347
齐漩佩,13630217752
齐漩倩,13630221779
齐漩瑶,13630245199
齐雅,13630249586
齐亚,13630254643
齐亚,13630255663
齐亚涵,13630261592
齐娅,13630267345
齐娅,13630276195
齐娅,13630303369
齐娅,13630308473
齐娅,13630317280
齐娅,13630326124
齐娅,13630342336
齐娅,13630342404
齐娅,13630348790
齐娅,13630355377
齐娅,13630362291
齐娅淳,13630386621
齐娅和,13630399720
齐娅岚,13630417173
齐嫣,13630424792
齐嫣,13630431622
齐嫣,13630447176
齐嫣,13630459540
齐嫣嫣,13630465514
齐妍,13630468160
齐妍,13630481650
齐妍,13630493263
齐妍蓓,13630503197
齐妍桂,13630504457
齐妍吉,13630509257
齐妍倩,13630511796
齐妍夕,13630517953
齐妍悦,13630523000
齐妍珍,13630523441
齐琰,13630531291
齐琰,13630533430
齐琰,13630536579
齐琰,13630543679
齐琰婉,13630555627
齐琰奕,13630562503
齐琰影,13630562670
齐艳,13630585268
齐艳,13630593564
齐雁,13630598714
齐雁,13630605851
齐雁,13630611394
齐雁,13630615538
齐雁婵,13630619684
齐雁可,13630619821
齐雁莎,13630625984
齐洋,13630627115
齐洋,13630632337
齐洋梦,13630635126
齐洋茜,13630642753
齐瑶,13630646829
齐瑶,13630649866
齐瑶,13630652034
齐瑶,13630658185
齐瑶,13630677322
齐瑶,13630677860
齐瑶,13630692630
齐瑶澜,13630698963
齐瑶莲,13630702155
齐瑶飘,13630715942
齐瑶茜,13630716320
齐瑶婉,13630737832
齐瑶文,13630738048
齐瑶娅,13630748143
齐瑶怡,13630748946
齐瑶怡,13630749812
齐瑶悦,13630762201
齐叶,13630769534
齐叶,13630774380
齐叶可,13630792873
齐叶琦,13630796405
齐一,13630799237
齐一,13630804293
齐一,13630805301
齐伊,13630806066
齐伊菁,13630814277
齐伊丽,13630815417
齐伊宇,13630836551
齐依,13630838082
齐依,13630862175
齐依皑,13630872665
齐依琬,13630883050
齐依文,13630887410
齐依悦,13630889879
齐仪,13630895234
齐仪,13630901857
齐仪,13630902522
齐仪,13630908807
齐仪冰,13630915054
齐沂,13630923834
齐沂,13630925402
齐沂茹,13630931545
齐沂琬,13630935351
齐沂昭,13630938114
齐怡,13630942132
齐怡,13630953406
齐怡,13630965525
齐怡璧,13630979049
齐怡瑾,13630985293
齐怡岚,13630997699
齐怡淇,13631003745
齐怡淇,13631005171
齐怡倩,13631006751
齐怡莎,13631012605
齐怡思,13631013483
齐宜,13631023731
齐宜,13631025478
齐宜晨,13631026529
齐宜锦,13631048116
齐宜菁,13631052979
齐宜莉,13631065770
齐宜菱,13631076159
